loadout,def_level,attacks_each,ge_3000_runs,ge_3000_pct,ge_3100_runs,ge_3100_pct,ge_3200_runs,ge_3200_pct,ge_3300_runs,ge_3300_pct,ge_3400_runs,ge_3400_pct,ge_3500_runs,ge_3500_pct,ge_3600_runs,ge_3600_pct,ge_3700_runs,ge_3700_pct,ge_3800_runs,ge_3800_pct,ge_3900_runs,ge_3900_pct,ge_4000_runs,ge_4000_pct
Torva,0,19,2,0.2000,0,0.0000,0,0.0000,0,0.0000,0,0.0000,0,0.0000,0,0.0000,0,0.0000,0,0.0000,0,0.0000,0,0.0000
Torva,0,20,13,1.3000,3,0.3000,1,0.1000,0,0.0000,0,0.0000,0,0.0000,0,0.0000,0,0.0000,0,0.0000,0,0.0000,0,0.0000
Torva,0,21,120,12.0000,27,2.7000,3,0.3000,2,0.2000,0,0.0000,0,0.0000,0,0.0000,0,0.0000,0,0.0000,0,0.0000,0,0.0000
Torva,0,22,413,41.3000,177,17.7000,49,4.9000,8,0.8000,3,0.3000,0,0.0000,0,0.0000,0,0.0000,0,0.0000,0,0.0000,0,0.0000
Torva,0,23,762,76.2000,491,49.1000,257,25.7000,88,8.8000,21,2.1000,4,0.4000,1,0.1000,0,0.0000,0,0.0000,0,0.0000,0,0.0000
Oath,0,19,0,0.0000,0,0.0000,0,0.0000,0,0.0000,0,0.0000,0,0.0000,0,0.0000,0,0.0000,0,0.0000,0,0.0000,0,0.0000
Oath,0,20,5,0.5000,0,0.0000,0,0.0000,0,0.0000,0,0.0000,0,0.0000,0,0.0000,0,0.0000,0,0.0000,0,0.0000,0,0.0000
Oath,0,21,87,8.7000,17,1.7000,1,0.1000,0,0.0000,0,0.0000,0,0.0000,0,0.0000,0,0.0000,0,0.0000,0,0.0000,0,0.0000
Oath,0,22,351,35.1000,139,13.9000,30,3.0000,3,0.3000,0,0.0000,0,0.0000,0,0.0000,0,0.0000,0,0.0000,0,0.0000,0,0.0000
Oath,0,23,712,71.2000,456,45.6000,200,20.0000,54,5.4000,11,1.1000,1,0.1000,0,0.0000,0,0.0000,0,0.0000,0,0.0000,0,0.0000
Torva,1,19,0,0.0000,0,0.0000,0,0.0000,0,0.0000,0,0.0000,0,0.0000,0,0.0000,0,0.0000,0,0.0000,0,0.0000,0,0.0000
Torva,1,20,10,1.0000,2,0.2000,0,0.0000,0,0.0000,0,0.0000,0,0.0000,0,0.0000,0,0.0000,0,0.0000,0,0.0000,0,0.0000
Torva,1,21,115,11.5000,25,2.5000,4,0.4000,1,0.1000,0,0.0000,0,0.0000,0,0.0000,0,0.0000,0,0.0000,0,0.0000,0,0.0000
Torva,1,22,418,41.8000,179,17.9000,56,5.6000,9,0.9000,1,0.1000,1,0.1000,0,0.0000,0,0.0000,0,0.0000,0,0.0000,0,0.0000
Torva,1,23,792,79.2000,526,52.6000,262,26.2000,89,8.9000,23,2.3000,2,0.2000,1,0.1000,0,0.0000,0,0.0000,0,0.0000,0,0.0000
Oath,1,19,0,0.0000,0,0.0000,0,0.0000,0,0.0000,0,0.0000,0,0.0000,0,0.0000,0,0.0000,0,0.0000,0,0.0000,0,0.0000
Oath,1,20,9,0.9000,0,0.0000,0,0.0000,0,0.0000,0,0.0000,0,0.0000,0,0.0000,0,0.0000,0,0.0000,0,0.0000,0,0.0000
Oath,1,21,76,7.6000,14,1.4000,6,0.6000,0,0.0000,0,0.0000,0,0.0000,0,0.0000,0,0.0000,0,0.0000,0,0.0000,0,0.0000
Oath,1,22,316,31.6000,115,11.5000,26,2.6000,8,0.8000,2,0.2000,0,0.0000,0,0.0000,0,0.0000,0,0.0000,0,0.0000,0,0.0000
Oath,1,23,691,69.1000,406,40.6000,174,17.4000,47,4.7000,10,1.0000,3,0.3000,0,0.0000,0,0.0000,0,0.0000,0,0.0000,0,0.0000
Torva,2,19,0,0.0000,0,0.0000,0,0.0000,0,0.0000,0,0.0000,0,0.0000,0,0.0000,0,0.0000,0,0.0000,0,0.0000,0,0.0000
Torva,2,20,9,0.9000,0,0.0000,0,0.0000,0,0.0000,0,0.0000,0,0.0000,0,0.0000,0,0.0000,0,0.0000,0,0.0000,0,0.0000
Torva,2,21,108,10.8000,24,2.4000,0,0.0000,0,0.0000,0,0.0000,0,0.0000,0,0.0000,0,0.0000,0,0.0000,0,0.0000,0,0.0000
Torva,2,22,407,40.7000,166,16.6000,45,4.5000,7,0.7000,0,0.0000,0,0.0000,0,0.0000,0,0.0000,0,0.0000,0,0.0000,0,0.0000
Torva,2,23,774,77.4000,519,51.9000,247,24.7000,87,8.7000,15,1.5000,3,0.3000,0,0.0000,0,0.0000,0,0.0000,0,0.0000,0,0.0000
Oath,2,19,1,0.1000,0,0.0000,0,0.0000,0,0.0000,0,0.0000,0,0.0000,0,0.0000,0,0.0000,0,0.0000,0,0.0000,0,0.0000
Oath,2,20,4,0.4000,1,0.1000,0,0.0000,0,0.0000,0,0.0000,0,0.0000,0,0.0000,0,0.0000,0,0.0000,0,0.0000,0,0.0000
Oath,2,21,81,8.1000,16,1.6000,1,0.1000,0,0.0000,0,0.0000,0,0.0000,0,0.0000,0,0.0000,0,0.0000,0,0.0000,0,0.0000
Oath,2,22,354,35.4000,141,14.1000,28,2.8000,4,0.4000,1,0.1000,0,0.0000,0,0.0000,0,0.0000,0,0.0000,0,0.0000,0,0.0000
Oath,2,23,713,71.3000,437,43.7000,191,19.1000,59,5.9000,9,0.9000,1,0.1000,0,0.0000,0,0.0000,0,0.0000,0,0.0000,0,0.0000
Torva,3,19,0,0.0000,0,0.0000,0,0.0000,0,0.0000,0,0.0000,0,0.0000,0,0.0000,0,0.0000,0,0.0000,0,0.0000,0,0.0000
Torva,3,20,9,0.9000,1,0.1000,0,0.0000,0,0.0000,0,0.0000,0,0.0000,0,0.0000,0,0.0000,0,0.0000,0,0.0000,0,0.0000
Torva,3,21,120,12.0000,21,2.1000,3,0.3000,0,0.0000,0,0.0000,0,0.0000,0,0.0000,0,0.0000,0,0.0000,0,0.0000,0,0.0000
Torva,3,22,431,43.1000,178,17.8000,47,4.7000,3,0.3000,0,0.0000,0,0.0000,0,0.0000,0,0.0000,0,0.0000,0,0.0000,0,0.0000
Torva,3,23,785,78.5000,513,51.3000,254,25.4000,83,8.3000,14,1.4000,0,0.0000,0,0.0000,0,0.0000,0,0.0000,0,0.0000,0,0.0000
Oath,3,19,0,0.0000,0,0.0000,0,0.0000,0,0.0000,0,0.0000,0,0.0000,0,0.0000,0,0.0000,0,0.0000,0,0.0000,0,0.0000
Oath,3,20,4,0.4000,0,0.0000,0,0.0000,0,0.0000,0,0.0000,0,0.0000,0,0.0000,0,0.0000,0,0.0000,0,0.0000,0,0.0000
Oath,3,21,78,7.8000,14,1.4000,1,0.1000,0,0.0000,0,0.0000,0,0.0000,0,0.0000,0,0.0000,0,0.0000,0,0.0000,0,0.0000
Oath,3,22,315,31.5000,129,12.9000,32,3.2000,5,0.5000,0,0.0000,0,0.0000,0,0.0000,0,0.0000,0,0.0000,0,0.0000,0,0.0000
Oath,3,23,700,70.0000,422,42.2000,188,18.8000,54,5.4000,8,0.8000,0,0.0000,0,0.0000,0,0.0000,0,0.0000,0,0.0000,0,0.0000
Torva,4,19,0,0.0000,0,0.0000,0,0.0000,0,0.0000,0,0.0000,0,0.0000,0,0.0000,0,0.0000,0,0.0000,0,0.0000,0,0.0000
Torva,4,20,12,1.2000,0,0.0000,0,0.0000,0,0.0000,0,0.0000,0,0.0000,0,0.0000,0,0.0000,0,0.0000,0,0.0000,0,0.0000
Torva,4,21,110,11.0000,24,2.4000,2,0.2000,0,0.0000,0,0.0000,0,0.0000,0,0.0000,0,0.0000,0,0.0000,0,0.0000,0,0.0000
Torva,4,22,419,41.9000,175,17.5000,40,4.0000,5,0.5000,0,0.0000,0,0.0000,0,0.0000,0,0.0000,0,0.0000,0,0.0000,0,0.0000
Torva,4,23,765,76.5000,512,51.2000,258,25.8000,71,7.1000,14,1.4000,0,0.0000,0,0.0000,0,0.0000,0,0.0000,0,0.0000,0,0.0000
Oath,4,19,0,0.0000,0,0.0000,0,0.0000,0,0.0000,0,0.0000,0,0.0000,0,0.0000,0,0.0000,0,0.0000,0,0.0000,0,0.0000
Oath,4,20,4,0.4000,0,0.0000,0,0.0000,0,0.0000,0,0.0000,0,0.0000,0,0.0000,0,0.0000,0,0.0000,0,0.0000,0,0.0000
Oath,4,21,71,7.1000,8,0.8000,0,0.0000,0,0.0000,0,0.0000,0,0.0000,0,0.0000,0,0.0000,0,0.0000,0,0.0000,0,0.0000
Oath,4,22,327,32.7000,115,11.5000,23,2.3000,2,0.2000,0,0.0000,0,0.0000,0,0.0000,0,0.0000,0,0.0000,0,0.0000,0,0.0000
Oath,4,23,696,69.6000,430,43.0000,171,17.1000,48,4.8000,5,0.5000,0,0.0000,0,0.0000,0,0.0000,0,0.0000,0,0.0000,0,0.0000
Torva,5,19,0,0.0000,0,0.0000,0,0.0000,0,0.0000,0,0.0000,0,0.0000,0,0.0000,0,0.0000,0,0.0000,0,0.0000,0,0.0000
Torva,5,20,8,0.8000,0,0.0000,0,0.0000,0,0.0000,0,0.0000,0,0.0000,0,0.0000,0,0.0000,0,0.0000,0,0.0000,0,0.0000
Torva,5,21,85,8.5000,17,1.7000,2,0.2000,0,0.0000,0,0.0000,0,0.0000,0,0.0000,0,0.0000,0,0.0000,0,0.0000,0,0.0000
Torva,5,22,386,38.6000,131,13.1000,31,3.1000,6,0.6000,1,0.1000,0,0.0000,0,0.0000,0,0.0000,0,0.0000,0,0.0000,0,0.0000
Torva,5,23,774,77.4000,497,49.7000,215,21.5000,60,6.0000,12,1.2000,1,0.1000,0,0.0000,0,0.0000,0,0.0000,0,0.0000,0,0.0000
Oath,5,19,0,0.0000,0,0.0000,0,0.0000,0,0.0000,0,0.0000,0,0.0000,0,0.0000,0,0.0000,0,0.0000,0,0.0000,0,0.0000
Oath,5,20,7,0.7000,0,0.0000,0,0.0000,0,0.0000,0,0.0000,0,0.0000,0,0.0000,0,0.0000,0,0.0000,0,0.0000,0,0.0000
Oath,5,21,88,8.8000,16,1.6000,2,0.2000,0,0.0000,0,0.0000,0,0.0000,0,0.0000,0,0.0000,0,0.0000,0,0.0000,0,0.0000
Oath,5,22,336,33.6000,141,14.1000,33,3.3000,5,0.5000,0,0.0000,0,0.0000,0,0.0000,0,0.0000,0,0.0000,0,0.0000,0,0.0000
Oath,5,23,714,71.4000,441,44.1000,198,19.8000,70,7.0000,9,0.9000,1,0.1000,0,0.0000,0,0.0000,0,0.0000,0,0.0000,0,0.0000
Torva,6,19,0,0.0000,0,0.0000,0,0.0000,0,0.0000,0,0.0000,0,0.0000,0,0.0000,0,0.0000,0,0.0000,0,0.0000,0,0.0000
Torva,6,20,14,1.4000,3,0.3000,0,0.0000,0,0.0000,0,0.0000,0,0.0000,0,0.0000,0,0.0000,0,0.0000,0,0.0000,0,0.0000
Torva,6,21,90,9.0000,26,2.6000,6,0.6000,0,0.0000,0,0.0000,0,0.0000,0,0.0000,0,0.0000,0,0.0000,0,0.0000,0,0.0000
Torva,6,22,390,39.0000,150,15.0000,43,4.3000,10,1.0000,3,0.3000,0,0.0000,0,0.0000,0,0.0000,0,0.0000,0,0.0000,0,0.0000
Torva,6,23,742,74.2000,495,49.5000,224,22.4000,71,7.1000,23,2.3000,5,0.5000,0,0.0000,0,0.0000,0,0.0000,0,0.0000,0,0.0000
Oath,6,19,0,0.0000,0,0.0000,0,0.0000,0,0.0000,0,0.0000,0,0.0000,0,0.0000,0,0.0000,0,0.0000,0,0.0000,0,0.0000
Oath,6,20,3,0.3000,1,0.1000,0,0.0000,0,0.0000,0,0.0000,0,0.0000,0,0.0000,0,0.0000,0,0.0000,0,0.0000,0,0.0000
Oath,6,21,78,7.8000,10,1.0000,1,0.1000,0,0.0000,0,0.0000,0,0.0000,0,0.0000,0,0.0000,0,0.0000,0,0.0000,0,0.0000
Oath,6,22,314,31.4000,113,11.3000,26,2.6000,3,0.3000,0,0.0000,0,0.0000,0,0.0000,0,0.0000,0,0.0000,0,0.0000,0,0.0000
Oath,6,23,690,69.0000,390,39.0000,179,17.9000,48,4.8000,6,0.6000,1,0.1000,0,0.0000,0,0.0000,0,0.0000,0,0.0000,0,0.0000
Torva,7,19,0,0.0000,0,0.0000,0,0.0000,0,0.0000,0,0.0000,0,0.0000,0,0.0000,0,0.0000,0,0.0000,0,0.0000,0,0.0000
Torva,7,20,7,0.7000,0,0.0000,0,0.0000,0,0.0000,0,0.0000,0,0.0000,0,0.0000,0,0.0000,0,0.0000,0,0.0000,0,0.0000
Torva,7,21,120,12.0000,21,2.1000,2,0.2000,0,0.0000,0,0.0000,0,0.0000,0,0.0000,0,0.0000,0,0.0000,0,0.0000,0,0.0000
Torva,7,22,390,39.0000,180,18.0000,46,4.6000,4,0.4000,1,0.1000,0,0.0000,0,0.0000,0,0.0000,0,0.0000,0,0.0000,0,0.0000
Torva,7,23,751,75.1000,499,49.9000,242,24.2000,76,7.6000,13,1.3000,2,0.2000,0,0.0000,0,0.0000,0,0.0000,0,0.0000,0,0.0000
Oath,7,19,0,0.0000,0,0.0000,0,0.0000,0,0.0000,0,0.0000,0,0.0000,0,0.0000,0,0.0000,0,0.0000,0,0.0000,0,0.0000
Oath,7,20,5,0.5000,0,0.0000,0,0.0000,0,0.0000,0,0.0000,0,0.0000,0,0.0000,0,0.0000,0,0.0000,0,0.0000,0,0.0000
Oath,7,21,78,7.8000,13,1.3000,0,0.0000,0,0.0000,0,0.0000,0,0.0000,0,0.0000,0,0.0000,0,0.0000,0,0.0000,0,0.0000
Oath,7,22,324,32.4000,120,12.0000,28,2.8000,4,0.4000,0,0.0000,0,0.0000,0,0.0000,0,0.0000,0,0.0000,0,0.0000,0,0.0000
Oath,7,23,675,67.5000,410,41.0000,181,18.1000,53,5.3000,8,0.8000,2,0.2000,0,0.0000,0,0.0000,0,0.0000,0,0.0000,0,0.0000
Torva,8,19,0,0.0000,0,0.0000,0,0.0000,0,0.0000,0,0.0000,0,0.0000,0,0.0000,0,0.0000,0,0.0000,0,0.0000,0,0.0000
Torva,8,20,8,0.8000,0,0.0000,0,0.0000,0,0.0000,0,0.0000,0,0.0000,0,0.0000,0,0.0000,0,0.0000,0,0.0000,0,0.0000
Torva,8,21,84,8.4000,15,1.5000,1,0.1000,0,0.0000,0,0.0000,0,0.0000,0,0.0000,0,0.0000,0,0.0000,0,0.0000,0,0.0000
Torva,8,22,366,36.6000,148,14.8000,27,2.7000,2,0.2000,0,0.0000,0,0.0000,0,0.0000,0,0.0000,0,0.0000,0,0.0000,0,0.0000
Torva,8,23,734,73.4000,451,45.1000,224,22.4000,64,6.4000,9,0.9000,2,0.2000,0,0.0000,0,0.0000,0,0.0000,0,0.0000,0,0.0000
Oath,8,19,0,0.0000,0,0.0000,0,0.0000,0,0.0000,0,0.0000,0,0.0000,0,0.0000,0,0.0000,0,0.0000,0,0.0000,0,0.0000
Oath,8,20,5,0.5000,0,0.0000,0,0.0000,0,0.0000,0,0.0000,0,0.0000,0,0.0000,0,0.0000,0,0.0000,0,0.0000,0,0.0000
Oath,8,21,52,5.2000,13,1.3000,0,0.0000,0,0.0000,0,0.0000,0,0.0000,0,0.0000,0,0.0000,0,0.0000,0,0.0000,0,0.0000
Oath,8,22,272,27.2000,94,9.4000,18,1.8000,3,0.3000,0,0.0000,0,0.0000,0,0.0000,0,0.0000,0,0.0000,0,0.0000,0,0.0000
Oath,8,23,687,68.7000,382,38.2000,144,14.4000,36,3.6000,6,0.6000,1,0.1000,0,0.0000,0,0.0000,0,0.0000,0,0.0000,0,0.0000
Torva,9,19,0,0.0000,0,0.0000,0,0.0000,0,0.0000,0,0.0000,0,0.0000,0,0.0000,0,0.0000,0,0.0000,0,0.0000,0,0.0000
Torva,9,20,10,1.0000,0,0.0000,0,0.0000,0,0.0000,0,0.0000,0,0.0000,0,0.0000,0,0.0000,0,0.0000,0,0.0000,0,0.0000
Torva,9,21,87,8.7000,21,2.1000,1,0.1000,1,0.1000,0,0.0000,0,0.0000,0,0.0000,0,0.0000,0,0.0000,0,0.0000,0,0.0000
Torva,9,22,374,37.4000,142,14.2000,37,3.7000,6,0.6000,0,0.0000,0,0.0000,0,0.0000,0,0.0000,0,0.0000,0,0.0000,0,0.0000
Torva,9,23,755,75.5000,464,46.4000,206,20.6000,64,6.4000,13,1.3000,1,0.1000,0,0.0000,0,0.0000,0,0.0000,0,0.0000,0,0.0000
Oath,9,19,0,0.0000,0,0.0000,0,0.0000,0,0.0000,0,0.0000,0,0.0000,0,0.0000,0,0.0000,0,0.0000,0,0.0000,0,0.0000
Oath,9,20,11,1.1000,0,0.0000,0,0.0000,0,0.0000,0,0.0000,0,0.0000,0,0.0000,0,0.0000,0,0.0000,0,0.0000,0,0.0000
Oath,9,21,71,7.1000,23,2.3000,1,0.1000,0,0.0000,0,0.0000,0,0.0000,0,0.0000,0,0.0000,0,0.0000,0,0.0000,0,0.0000
Oath,9,22,307,30.7000,120,12.0000,32,3.2000,8,0.8000,0,0.0000,0,0.0000,0,0.0000,0,0.0000,0,0.0000,0,0.0000,0,0.0000
Oath,9,23,668,66.8000,395,39.5000,175,17.5000,55,5.5000,16,1.6000,1,0.1000,0,0.0000,0,0.0000,0,0.0000,0,0.0000,0,0.0000
Torva,10,19,0,0.0000,0,0.0000,0,0.0000,0,0.0000,0,0.0000,0,0.0000,0,0.0000,0,0.0000,0,0.0000,0,0.0000,0,0.0000
Torva,10,20,11,1.1000,1,0.1000,0,0.0000,0,0.0000,0,0.0000,0,0.0000,0,0.0000,0,0.0000,0,0.0000,0,0.0000,0,0.0000
Torva,10,21,91,9.1000,22,2.2000,3,0.3000,0,0.0000,0,0.0000,0,0.0000,0,0.0000,0,0.0000,0,0.0000,0,0.0000,0,0.0000
Torva,10,22,361,36.1000,142,14.2000,37,3.7000,9,0.9000,1,0.1000,0,0.0000,0,0.0000,0,0.0000,0,0.0000,0,0.0000,0,0.0000
Torva,10,23,717,71.7000,456,45.6000,215,21.5000,69,6.9000,15,1.5000,4,0.4000,0,0.0000,0,0.0000,0,0.0000,0,0.0000,0,0.0000
Oath,10,19,0,0.0000,0,0.0000,0,0.0000,0,0.0000,0,0.0000,0,0.0000,0,0.0000,0,0.0000,0,0.0000,0,0.0000,0,0.0000
Oath,10,20,5,0.5000,0,0.0000,0,0.0000,0,0.0000,0,0.0000,0,0.0000,0,0.0000,0,0.0000,0,0.0000,0,0.0000,0,0.0000
Oath,10,21,74,7.4000,19,1.9000,2,0.2000,0,0.0000,0,0.0000,0,0.0000,0,0.0000,0,0.0000,0,0.0000,0,0.0000,0,0.0000
Oath,10,22,309,30.9000,115,11.5000,28,2.8000,5,0.5000,0,0.0000,0,0.0000,0,0.0000,0,0.0000,0,0.0000,0,0.0000,0,0.0000
Oath,10,23,668,66.8000,388,38.8000,170,17.0000,56,5.6000,11,1.1000,1,0.1000,0,0.0000,0,0.0000,0,0.0000,0,0.0000,0,0.0000
Torva,11,19,0,0.0000,0,0.0000,0,0.0000,0,0.0000,0,0.0000,0,0.0000,0,0.0000,0,0.0000,0,0.0000,0,0.0000,0,0.0000
Torva,11,20,9,0.9000,0,0.0000,0,0.0000,0,0.0000,0,0.0000,0,0.0000,0,0.0000,0,0.0000,0,0.0000,0,0.0000,0,0.0000
Torva,11,21,89,8.9000,20,2.0000,2,0.2000,0,0.0000,0,0.0000,0,0.0000,0,0.0000,0,0.0000,0,0.0000,0,0.0000,0,0.0000
Torva,11,22,368,36.8000,159,15.9000,37,3.7000,8,0.8000,0,0.0000,0,0.0000,0,0.0000,0,0.0000,0,0.0000,0,0.0000,0,0.0000
Torva,11,23,723,72.3000,452,45.2000,204,20.4000,71,7.1000,15,1.5000,1,0.1000,0,0.0000,0,0.0000,0,0.0000,0,0.0000,0,0.0000
Oath,11,19,0,0.0000,0,0.0000,0,0.0000,0,0.0000,0,0.0000,0,0.0000,0,0.0000,0,0.0000,0,0.0000,0,0.0000,0,0.0000
Oath,11,20,4,0.4000,0,0.0000,0,0.0000,0,0.0000,0,0.0000,0,0.0000,0,0.0000,0,0.0000,0,0.0000,0,0.0000,0,0.0000
Oath,11,21,56,5.6000,8,0.8000,0,0.0000,0,0.0000,0,0.0000,0,0.0000,0,0.0000,0,0.0000,0,0.0000,0,0.0000,0,0.0000
Oath,11,22,285,28.5000,96,9.6000,19,1.9000,2,0.2000,0,0.0000,0,0.0000,0,0.0000,0,0.0000,0,0.0000,0,0.0000,0,0.0000
Oath,11,23,648,64.8000,354,35.4000,154,15.4000,41,4.1000,9,0.9000,0,0.0000,0,0.0000,0,0.0000,0,0.0000,0,0.0000,0,0.0000
Torva,12,19,0,0.0000,0,0.0000,0,0.0000,0,0.0000,0,0.0000,0,0.0000,0,0.0000,0,0.0000,0,0.0000,0,0.0000,0,0.0000
Torva,12,20,8,0.8000,2,0.2000,0,0.0000,0,0.0000,0,0.0000,0,0.0000,0,0.0000,0,0.0000,0,0.0000,0,0.0000,0,0.0000
Torva,12,21,79,7.9000,21,2.1000,4,0.4000,1,0.1000,0,0.0000,0,0.0000,0,0.0000,0,0.0000,0,0.0000,0,0.0000,0,0.0000
Torva,12,22,348,34.8000,128,12.8000,33,3.3000,9,0.9000,2,0.2000,0,0.0000,0,0.0000,0,0.0000,0,0.0000,0,0.0000,0,0.0000
Torva,12,23,714,71.4000,436,43.6000,189,18.9000,51,5.1000,14,1.4000,3,0.3000,1,0.1000,0,0.0000,0,0.0000,0,0.0000,0,0.0000
Oath,12,19,0,0.0000,0,0.0000,0,0.0000,0,0.0000,0,0.0000,0,0.0000,0,0.0000,0,0.0000,0,0.0000,0,0.0000,0,0.0000
Oath,12,20,1,0.1000,0,0.0000,0,0.0000,0,0.0000,0,0.0000,0,0.0000,0,0.0000,0,0.0000,0,0.0000,0,0.0000,0,0.0000
Oath,12,21,54,5.4000,5,0.5000,1,0.1000,0,0.0000,0,0.0000,0,0.0000,0,0.0000,0,0.0000,0,0.0000,0,0.0000,0,0.0000
Oath,12,22,261,26.1000,94,9.4000,13,1.3000,1,0.1000,0,0.0000,0,0.0000,0,0.0000,0,0.0000,0,0.0000,0,0.0000,0,0.0000
Oath,12,23,611,61.1000,348,34.8000,132,13.2000,34,3.4000,6,0.6000,0,0.0000,0,0.0000,0,0.0000,0,0.0000,0,0.0000,0,0.0000
Torva,13,19,0,0.0000,0,0.0000,0,0.0000,0,0.0000,0,0.0000,0,0.0000,0,0.0000,0,0.0000,0,0.0000,0,0.0000,0,0.0000
Torva,13,20,3,0.3000,1,0.1000,0,0.0000,0,0.0000,0,0.0000,0,0.0000,0,0.0000,0,0.0000,0,0.0000,0,0.0000,0,0.0000
Torva,13,21,71,7.1000,10,1.0000,1,0.1000,0,0.0000,0,0.0000,0,0.0000,0,0.0000,0,0.0000,0,0.0000,0,0.0000,0,0.0000
Torva,13,22,344,34.4000,131,13.1000,30,3.0000,1,0.1000,1,0.1000,0,0.0000,0,0.0000,0,0.0000,0,0.0000,0,0.0000,0,0.0000
Torva,13,23,675,67.5000,428,42.8000,197,19.7000,51,5.1000,5,0.5000,1,0.1000,0,0.0000,0,0.0000,0,0.0000,0,0.0000,0,0.0000
Oath,13,19,0,0.0000,0,0.0000,0,0.0000,0,0.0000,0,0.0000,0,0.0000,0,0.0000,0,0.0000,0,0.0000,0,0.0000,0,0.0000
Oath,13,20,4,0.4000,0,0.0000,0,0.0000,0,0.0000,0,0.0000,0,0.0000,0,0.0000,0,0.0000,0,0.0000,0,0.0000,0,0.0000
Oath,13,21,59,5.9000,10,1.0000,1,0.1000,0,0.0000,0,0.0000,0,0.0000,0,0.0000,0,0.0000,0,0.0000,0,0.0000,0,0.0000
Oath,13,22,264,26.4000,101,10.1000,23,2.3000,3,0.3000,0,0.0000,0,0.0000,0,0.0000,0,0.0000,0,0.0000,0,0.0000,0,0.0000
Oath,13,23,654,65.4000,372,37.2000,146,14.6000,33,3.3000,7,0.7000,0,0.0000,0,0.0000,0,0.0000,0,0.0000,0,0.0000,0,0.0000
Torva,14,19,0,0.0000,0,0.0000,0,0.0000,0,0.0000,0,0.0000,0,0.0000,0,0.0000,0,0.0000,0,0.0000,0,0.0000,0,0.0000
Torva,14,20,6,0.6000,1,0.1000,0,0.0000,0,0.0000,0,0.0000,0,0.0000,0,0.0000,0,0.0000,0,0.0000,0,0.0000,0,0.0000
Torva,14,21,98,9.8000,19,1.9000,2,0.2000,0,0.0000,0,0.0000,0,0.0000,0,0.0000,0,0.0000,0,0.0000,0,0.0000,0,0.0000
Torva,14,22,369,36.9000,139,13.9000,43,4.3000,6,0.6000,1,0.1000,0,0.0000,0,0.0000,0,0.0000,0,0.0000,0,0.0000,0,0.0000
Torva,14,23,721,72.1000,461,46.1000,216,21.6000,70,7.0000,16,1.6000,1,0.1000,1,0.1000,0,0.0000,0,0.0000,0,0.0000,0,0.0000
Oath,14,19,0,0.0000,0,0.0000,0,0.0000,0,0.0000,0,0.0000,0,0.0000,0,0.0000,0,0.0000,0,0.0000,0,0.0000,0,0.0000
Oath,14,20,3,0.3000,0,0.0000,0,0.0000,0,0.0000,0,0.0000,0,0.0000,0,0.0000,0,0.0000,0,0.0000,0,0.0000,0,0.0000
Oath,14,21,57,5.7000,8,0.8000,0,0.0000,0,0.0000,0,0.0000,0,0.0000,0,0.0000,0,0.0000,0,0.0000,0,0.0000,0,0.0000
Oath,14,22,269,26.9000,94,9.4000,20,2.0000,1,0.1000,0,0.0000,0,0.0000,0,0.0000,0,0.0000,0,0.0000,0,0.0000,0,0.0000
Oath,14,23,662,66.2000,365,36.5000,137,13.7000,40,4.0000,6,0.6000,0,0.0000,0,0.0000,0,0.0000,0,0.0000,0,0.0000,0,0.0000
Torva,15,19,1,0.1000,0,0.0000,0,0.0000,0,0.0000,0,0.0000,0,0.0000,0,0.0000,0,0.0000,0,0.0000,0,0.0000,0,0.0000
Torva,15,20,9,0.9000,1,0.1000,0,0.0000,0,0.0000,0,0.0000,0,0.0000,0,0.0000,0,0.0000,0,0.0000,0,0.0000,0,0.0000
Torva,15,21,58,5.8000,12,1.2000,1,0.1000,0,0.0000,0,0.0000,0,0.0000,0,0.0000,0,0.0000,0,0.0000,0,0.0000,0,0.0000
Torva,15,22,296,29.6000,101,10.1000,21,2.1000,4,0.4000,1,0.1000,0,0.0000,0,0.0000,0,0.0000,0,0.0000,0,0.0000,0,0.0000
Torva,15,23,677,67.7000,399,39.9000,163,16.3000,41,4.1000,12,1.2000,1,0.1000,1,0.1000,0,0.0000,0,0.0000,0,0.0000,0,0.0000
Oath,15,19,0,0.0000,0,0.0000,0,0.0000,0,0.0000,0,0.0000,0,0.0000,0,0.0000,0,0.0000,0,0.0000,0,0.0000,0,0.0000
Oath,15,20,3,0.3000,0,0.0000,0,0.0000,0,0.0000,0,0.0000,0,0.0000,0,0.0000,0,0.0000,0,0.0000,0,0.0000,0,0.0000
Oath,15,21,56,5.6000,8,0.8000,0,0.0000,0,0.0000,0,0.0000,0,0.0000,0,0.0000,0,0.0000,0,0.0000,0,0.0000,0,0.0000
Oath,15,22,272,27.2000,89,8.9000,17,1.7000,1,0.1000,0,0.0000,0,0.0000,0,0.0000,0,0.0000,0,0.0000,0,0.0000,0,0.0000
Oath,15,23,617,61.7000,363,36.3000,132,13.2000,36,3.6000,1,0.1000,0,0.0000,0,0.0000,0,0.0000,0,0.0000,0,0.0000,0,0.0000
Torva,16,19,0,0.0000,0,0.0000,0,0.0000,0,0.0000,0,0.0000,0,0.0000,0,0.0000,0,0.0000,0,0.0000,0,0.0000,0,0.0000
Torva,16,20,4,0.4000,0,0.0000,0,0.0000,0,0.0000,0,0.0000,0,0.0000,0,0.0000,0,0.0000,0,0.0000,0,0.0000,0,0.0000
Torva,16,21,75,7.5000,10,1.0000,1,0.1000,0,0.0000,0,0.0000,0,0.0000,0,0.0000,0,0.0000,0,0.0000,0,0.0000,0,0.0000
Torva,16,22,290,29.0000,118,11.8000,29,2.9000,2,0.2000,0,0.0000,0,0.0000,0,0.0000,0,0.0000,0,0.0000,0,0.0000,0,0.0000
Torva,16,23,673,67.3000,397,39.7000,169,16.9000,50,5.0000,8,0.8000,0,0.0000,0,0.0000,0,0.0000,0,0.0000,0,0.0000,0,0.0000
Oath,16,19,0,0.0000,0,0.0000,0,0.0000,0,0.0000,0,0.0000,0,0.0000,0,0.0000,0,0.0000,0,0.0000,0,0.0000,0,0.0000
Oath,16,20,3,0.3000,0,0.0000,0,0.0000,0,0.0000,0,0.0000,0,0.0000,0,0.0000,0,0.0000,0,0.0000,0,0.0000,0,0.0000
Oath,16,21,40,4.0000,9,0.9000,0,0.0000,0,0.0000,0,0.0000,0,0.0000,0,0.0000,0,0.0000,0,0.0000,0,0.0000,0,0.0000
Oath,16,22,262,26.2000,82,8.2000,19,1.9000,1,0.1000,0,0.0000,0,0.0000,0,0.0000,0,0.0000,0,0.0000,0,0.0000,0,0.0000
Oath,16,23,612,61.2000,345,34.5000,133,13.3000,37,3.7000,3,0.3000,0,0.0000,0,0.0000,0,0.0000,0,0.0000,0,0.0000,0,0.0000
Torva,17,19,0,0.0000,0,0.0000,0,0.0000,0,0.0000,0,0.0000,0,0.0000,0,0.0000,0,0.0000,0,0.0000,0,0.0000,0,0.0000
Torva,17,20,7,0.7000,0,0.0000,0,0.0000,0,0.0000,0,0.0000,0,0.0000,0,0.0000,0,0.0000,0,0.0000,0,0.0000,0,0.0000
Torva,17,21,69,6.9000,19,1.9000,2,0.2000,0,0.0000,0,0.0000,0,0.0000,0,0.0000,0,0.0000,0,0.0000,0,0.0000,0,0.0000
Torva,17,22,313,31.3000,111,11.1000,32,3.2000,6,0.6000,0,0.0000,0,0.0000,0,0.0000,0,0.0000,0,0.0000,0,0.0000,0,0.0000
Torva,17,23,675,67.5000,412,41.2000,173,17.3000,54,5.4000,13,1.3000,1,0.1000,0,0.0000,0,0.0000,0,0.0000,0,0.0000,0,0.0000
Oath,17,19,1,0.1000,0,0.0000,0,0.0000,0,0.0000,0,0.0000,0,0.0000,0,0.0000,0,0.0000,0,0.0000,0,0.0000,0,0.0000
Oath,17,20,5,0.5000,1,0.1000,0,0.0000,0,0.0000,0,0.0000,0,0.0000,0,0.0000,0,0.0000,0,0.0000,0,0.0000,0,0.0000
Oath,17,21,41,4.1000,10,1.0000,2,0.2000,1,0.1000,0,0.0000,0,0.0000,0,0.0000,0,0.0000,0,0.0000,0,0.0000,0,0.0000
Oath,17,22,253,25.3000,77,7.7000,15,1.5000,4,0.4000,1,0.1000,0,0.0000,0,0.0000,0,0.0000,0,0.0000,0,0.0000,0,0.0000
Oath,17,23,590,59.0000,319,31.9000,116,11.6000,26,2.6000,6,0.6000,1,0.1000,1,0.1000,0,0.0000,0,0.0000,0,0.0000,0,0.0000
Torva,18,19,0,0.0000,0,0.0000,0,0.0000,0,0.0000,0,0.0000,0,0.0000,0,0.0000,0,0.0000,0,0.0000,0,0.0000,0,0.0000
Torva,18,20,10,1.0000,1,0.1000,0,0.0000,0,0.0000,0,0.0000,0,0.0000,0,0.0000,0,0.0000,0,0.0000,0,0.0000,0,0.0000
Torva,18,21,71,7.1000,15,1.5000,5,0.5000,0,0.0000,0,0.0000,0,0.0000,0,0.0000,0,0.0000,0,0.0000,0,0.0000,0,0.0000
Torva,18,22,289,28.9000,110,11.0000,26,2.6000,8,0.8000,0,0.0000,0,0.0000,0,0.0000,0,0.0000,0,0.0000,0,0.0000,0,0.0000
Torva,18,23,666,66.6000,401,40.1000,162,16.2000,52,5.2000,10,1.0000,2,0.2000,0,0.0000,0,0.0000,0,0.0000,0,0.0000,0,0.0000
Oath,18,19,0,0.0000,0,0.0000,0,0.0000,0,0.0000,0,0.0000,0,0.0000,0,0.0000,0,0.0000,0,0.0000,0,0.0000,0,0.0000
Oath,18,20,6,0.6000,2,0.2000,0,0.0000,0,0.0000,0,0.0000,0,0.0000,0,0.0000,0,0.0000,0,0.0000,0,0.0000,0,0.0000
Oath,18,21,46,4.6000,11,1.1000,3,0.3000,0,0.0000,0,0.0000,0,0.0000,0,0.0000,0,0.0000,0,0.0000,0,0.0000,0,0.0000
Oath,18,22,242,24.2000,87,8.7000,21,2.1000,5,0.5000,2,0.2000,0,0.0000,0,0.0000,0,0.0000,0,0.0000,0,0.0000,0,0.0000
Oath,18,23,595,59.5000,319,31.9000,129,12.9000,35,3.5000,9,0.9000,2,0.2000,0,0.0000,0,0.0000,0,0.0000,0,0.0000,0,0.0000
Torva,19,19,0,0.0000,0,0.0000,0,0.0000,0,0.0000,0,0.0000,0,0.0000,0,0.0000,0,0.0000,0,0.0000,0,0.0000,0,0.0000
Torva,19,20,7,0.7000,1,0.1000,0,0.0000,0,0.0000,0,0.0000,0,0.0000,0,0.0000,0,0.0000,0,0.0000,0,0.0000,0,0.0000
Torva,19,21,68,6.8000,20,2.0000,1,0.1000,0,0.0000,0,0.0000,0,0.0000,0,0.0000,0,0.0000,0,0.0000,0,0.0000,0,0.0000
Torva,19,22,284,28.4000,121,12.1000,31,3.1000,8,0.8000,0,0.0000,0,0.0000,0,0.0000,0,0.0000,0,0.0000,0,0.0000,0,0.0000
Torva,19,23,680,68.0000,378,37.8000,157,15.7000,55,5.5000,15,1.5000,2,0.2000,0,0.0000,0,0.0000,0,0.0000,0,0.0000,0,0.0000
Oath,19,19,0,0.0000,0,0.0000,0,0.0000,0,0.0000,0,0.0000,0,0.0000,0,0.0000,0,0.0000,0,0.0000,0,0.0000,0,0.0000
Oath,19,20,1,0.1000,0,0.0000,0,0.0000,0,0.0000,0,0.0000,0,0.0000,0,0.0000,0,0.0000,0,0.0000,0,0.0000,0,0.0000
Oath,19,21,37,3.7000,3,0.3000,0,0.0000,0,0.0000,0,0.0000,0,0.0000,0,0.0000,0,0.0000,0,0.0000,0,0.0000,0,0.0000
Oath,19,22,228,22.8000,64,6.4000,13,1.3000,0,0.0000,0,0.0000,0,0.0000,0,0.0000,0,0.0000,0,0.0000,0,0.0000,0,0.0000
Oath,19,23,580,58.0000,306,30.6000,117,11.7000,25,2.5000,2,0.2000,0,0.0000,0,0.0000,0,0.0000,0,0.0000,0,0.0000,0,0.0000
Torva,20,19,2,0.2000,0,0.0000,0,0.0000,0,0.0000,0,0.0000,0,0.0000,0,0.0000,0,0.0000,0,0.0000,0,0.0000,0,0.0000
Torva,20,20,7,0.7000,3,0.3000,1,0.1000,0,0.0000,0,0.0000,0,0.0000,0,0.0000,0,0.0000,0,0.0000,0,0.0000,0,0.0000
Torva,20,21,47,4.7000,14,1.4000,4,0.4000,2,0.2000,0,0.0000,0,0.0000,0,0.0000,0,0.0000,0,0.0000,0,0.0000,0,0.0000
Torva,20,22,303,30.3000,87,8.7000,20,2.0000,8,0.8000,2,0.2000,0,0.0000,0,0.0000,0,0.0000,0,0.0000,0,0.0000,0,0.0000
Torva,20,23,644,64.4000,389,38.9000,152,15.2000,35,3.5000,12,1.2000,4,0.4000,0,0.0000,0,0.0000,0,0.0000,0,0.0000,0,0.0000
Oath,20,19,0,0.0000,0,0.0000,0,0.0000,0,0.0000,0,0.0000,0,0.0000,0,0.0000,0,0.0000,0,0.0000,0,0.0000,0,0.0000
Oath,20,20,5,0.5000,1,0.1000,0,0.0000,0,0.0000,0,0.0000,0,0.0000,0,0.0000,0,0.0000,0,0.0000,0,0.0000,0,0.0000
Oath,20,21,45,4.5000,7,0.7000,1,0.1000,0,0.0000,0,0.0000,0,0.0000,0,0.0000,0,0.0000,0,0.0000,0,0.0000,0,0.0000
Oath,20,22,251,25.1000,76,7.6000,12,1.2000,3,0.3000,1,0.1000,0,0.0000,0,0.0000,0,0.0000,0,0.0000,0,0.0000,0,0.0000
Oath,20,23,597,59.7000,329,32.9000,118,11.8000,25,2.5000,6,0.6000,2,0.2000,0,0.0000,0,0.0000,0,0.0000,0,0.0000,0,0.0000
Torva,21,19,0,0.0000,0,0.0000,0,0.0000,0,0.0000,0,0.0000,0,0.0000,0,0.0000,0,0.0000,0,0.0000,0,0.0000,0,0.0000
Torva,21,20,7,0.7000,0,0.0000,0,0.0000,0,0.0000,0,0.0000,0,0.0000,0,0.0000,0,0.0000,0,0.0000,0,0.0000,0,0.0000
Torva,21,21,55,5.5000,15,1.5000,1,0.1000,0,0.0000,0,0.0000,0,0.0000,0,0.0000,0,0.0000,0,0.0000,0,0.0000,0,0.0000
Torva,21,22,301,30.1000,102,10.2000,18,1.8000,5,0.5000,1,0.1000,0,0.0000,0,0.0000,0,0.0000,0,0.0000,0,0.0000,0,0.0000
Torva,21,23,642,64.2000,385,38.5000,157,15.7000,41,4.1000,9,0.9000,1,0.1000,0,0.0000,0,0.0000,0,0.0000,0,0.0000,0,0.0000
Oath,21,19,0,0.0000,0,0.0000,0,0.0000,0,0.0000,0,0.0000,0,0.0000,0,0.0000,0,0.0000,0,0.0000,0,0.0000,0,0.0000
Oath,21,20,1,0.1000,1,0.1000,0,0.0000,0,0.0000,0,0.0000,0,0.0000,0,0.0000,0,0.0000,0,0.0000,0,0.0000,0,0.0000
Oath,21,21,46,4.6000,10,1.0000,1,0.1000,1,0.1000,0,0.0000,0,0.0000,0,0.0000,0,0.0000,0,0.0000,0,0.0000,0,0.0000
Oath,21,22,234,23.4000,74,7.4000,16,1.6000,1,0.1000,1,0.1000,0,0.0000,0,0.0000,0,0.0000,0,0.0000,0,0.0000,0,0.0000
Oath,21,23,604,60.4000,325,32.5000,116,11.6000,28,2.8000,2,0.2000,1,0.1000,1,0.1000,0,0.0000,0,0.0000,0,0.0000,0,0.0000
Torva,22,19,0,0.0000,0,0.0000,0,0.0000,0,0.0000,0,0.0000,0,0.0000,0,0.0000,0,0.0000,0,0.0000,0,0.0000,0,0.0000
Torva,22,20,1,0.1000,0,0.0000,0,0.0000,0,0.0000,0,0.0000,0,0.0000,0,0.0000,0,0.0000,0,0.0000,0,0.0000,0,0.0000
Torva,22,21,66,6.6000,14,1.4000,0,0.0000,0,0.0000,0,0.0000,0,0.0000,0,0.0000,0,0.0000,0,0.0000,0,0.0000,0,0.0000
Torva,22,22,290,29.0000,106,10.6000,29,2.9000,1,0.1000,0,0.0000,0,0.0000,0,0.0000,0,0.0000,0,0.0000,0,0.0000,0,0.0000
Torva,22,23,642,64.2000,376,37.6000,165,16.5000,42,4.2000,8,0.8000,0,0.0000,0,0.0000,0,0.0000,0,0.0000,0,0.0000,0,0.0000
Oath,22,19,1,0.1000,0,0.0000,0,0.0000,0,0.0000,0,0.0000,0,0.0000,0,0.0000,0,0.0000,0,0.0000,0,0.0000,0,0.0000
Oath,22,20,6,0.6000,1,0.1000,0,0.0000,0,0.0000,0,0.0000,0,0.0000,0,0.0000,0,0.0000,0,0.0000,0,0.0000,0,0.0000
Oath,22,21,40,4.0000,8,0.8000,3,0.3000,0,0.0000,0,0.0000,0,0.0000,0,0.0000,0,0.0000,0,0.0000,0,0.0000,0,0.0000
Oath,22,22,230,23.0000,74,7.4000,15,1.5000,3,0.3000,1,0.1000,0,0.0000,0,0.0000,0,0.0000,0,0.0000,0,0.0000,0,0.0000
Oath,22,23,572,57.2000,301,30.1000,112,11.2000,31,3.1000,9,0.9000,1,0.1000,0,0.0000,0,0.0000,0,0.0000,0,0.0000,0,0.0000
Torva,23,19,0,0.0000,0,0.0000,0,0.0000,0,0.0000,0,0.0000,0,0.0000,0,0.0000,0,0.0000,0,0.0000,0,0.0000,0,0.0000
Torva,23,20,5,0.5000,0,0.0000,0,0.0000,0,0.0000,0,0.0000,0,0.0000,0,0.0000,0,0.0000,0,0.0000,0,0.0000,0,0.0000
Torva,23,21,54,5.4000,10,1.0000,1,0.1000,0,0.0000,0,0.0000,0,0.0000,0,0.0000,0,0.0000,0,0.0000,0,0.0000,0,0.0000
Torva,23,22,279,27.9000,99,9.9000,22,2.2000,3,0.3000,1,0.1000,0,0.0000,0,0.0000,0,0.0000,0,0.0000,0,0.0000,0,0.0000
Torva,23,23,642,64.2000,372,37.2000,154,15.4000,36,3.6000,7,0.7000,2,0.2000,0,0.0000,0,0.0000,0,0.0000,0,0.0000,0,0.0000
Oath,23,19,0,0.0000,0,0.0000,0,0.0000,0,0.0000,0,0.0000,0,0.0000,0,0.0000,0,0.0000,0,0.0000,0,0.0000,0,0.0000
Oath,23,20,4,0.4000,0,0.0000,0,0.0000,0,0.0000,0,0.0000,0,0.0000,0,0.0000,0,0.0000,0,0.0000,0,0.0000,0,0.0000
Oath,23,21,33,3.3000,7,0.7000,0,0.0000,0,0.0000,0,0.0000,0,0.0000,0,0.0000,0,0.0000,0,0.0000,0,0.0000,0,0.0000
Oath,23,22,210,21.0000,59,5.9000,11,1.1000,0,0.0000,0,0.0000,0,0.0000,0,0.0000,0,0.0000,0,0.0000,0,0.0000,0,0.0000
Oath,23,23,562,56.2000,281,28.1000,89,8.9000,22,2.2000,2,0.2000,0,0.0000,0,0.0000,0,0.0000,0,0.0000,0,0.0000,0,0.0000
Torva,24,19,0,0.0000,0,0.0000,0,0.0000,0,0.0000,0,0.0000,0,0.0000,0,0.0000,0,0.0000,0,0.0000,0,0.0000,0,0.0000
Torva,24,20,0,0.0000,0,0.0000,0,0.0000,0,0.0000,0,0.0000,0,0.0000,0,0.0000,0,0.0000,0,0.0000,0,0.0000,0,0.0000
Torva,24,21,53,5.3000,4,0.4000,0,0.0000,0,0.0000,0,0.0000,0,0.0000,0,0.0000,0,0.0000,0,0.0000,0,0.0000,0,0.0000
Torva,24,22,260,26.0000,86,8.6000,21,2.1000,0,0.0000,0,0.0000,0,0.0000,0,0.0000,0,0.0000,0,0.0000,0,0.0000,0,0.0000
Torva,24,23,605,60.5000,336,33.6000,139,13.9000,36,3.6000,5,0.5000,0,0.0000,0,0.0000,0,0.0000,0,0.0000,0,0.0000,0,0.0000
Oath,24,19,0,0.0000,0,0.0000,0,0.0000,0,0.0000,0,0.0000,0,0.0000,0,0.0000,0,0.0000,0,0.0000,0,0.0000,0,0.0000
Oath,24,20,3,0.3000,0,0.0000,0,0.0000,0,0.0000,0,0.0000,0,0.0000,0,0.0000,0,0.0000,0,0.0000,0,0.0000,0,0.0000
Oath,24,21,33,3.3000,6,0.6000,0,0.0000,0,0.0000,0,0.0000,0,0.0000,0,0.0000,0,0.0000,0,0.0000,0,0.0000,0,0.0000
Oath,24,22,214,21.4000,60,6.0000,11,1.1000,1,0.1000,0,0.0000,0,0.0000,0,0.0000,0,0.0000,0,0.0000,0,0.0000,0,0.0000
Oath,24,23,566,56.6000,293,29.3000,96,9.6000,19,1.9000,3,0.3000,0,0.0000,0,0.0000,0,0.0000,0,0.0000,0,0.0000,0,0.0000
Torva,25,19,0,0.0000,0,0.0000,0,0.0000,0,0.0000,0,0.0000,0,0.0000,0,0.0000,0,0.0000,0,0.0000,0,0.0000,0,0.0000
Torva,25,20,4,0.4000,0,0.0000,0,0.0000,0,0.0000,0,0.0000,0,0.0000,0,0.0000,0,0.0000,0,0.0000,0,0.0000,0,0.0000
Torva,25,21,55,5.5000,11,1.1000,2,0.2000,0,0.0000,0,0.0000,0,0.0000,0,0.0000,0,0.0000,0,0.0000,0,0.0000,0,0.0000
Torva,25,22,268,26.8000,86,8.6000,21,2.1000,4,0.4000,0,0.0000,0,0.0000,0,0.0000,0,0.0000,0,0.0000,0,0.0000,0,0.0000
Torva,25,23,608,60.8000,346,34.6000,140,14.0000,37,3.7000,7,0.7000,2,0.2000,0,0.0000,0,0.0000,0,0.0000,0,0.0000,0,0.0000
Oath,25,19,0,0.0000,0,0.0000,0,0.0000,0,0.0000,0,0.0000,0,0.0000,0,0.0000,0,0.0000,0,0.0000,0,0.0000,0,0.0000
Oath,25,20,1,0.1000,0,0.0000,0,0.0000,0,0.0000,0,0.0000,0,0.0000,0,0.0000,0,0.0000,0,0.0000,0,0.0000,0,0.0000
Oath,25,21,33,3.3000,4,0.4000,1,0.1000,0,0.0000,0,0.0000,0,0.0000,0,0.0000,0,0.0000,0,0.0000,0,0.0000,0,0.0000
Oath,25,22,219,21.9000,61,6.1000,10,1.0000,1,0.1000,0,0.0000,0,0.0000,0,0.0000,0,0.0000,0,0.0000,0,0.0000,0,0.0000
Oath,25,23,581,58.1000,303,30.3000,99,9.9000,24,2.4000,1,0.1000,1,0.1000,0,0.0000,0,0.0000,0,0.0000,0,0.0000,0,0.0000
Torva,26,19,0,0.0000,0,0.0000,0,0.0000,0,0.0000,0,0.0000,0,0.0000,0,0.0000,0,0.0000,0,0.0000,0,0.0000,0,0.0000
Torva,26,20,5,0.5000,0,0.0000,0,0.0000,0,0.0000,0,0.0000,0,0.0000,0,0.0000,0,0.0000,0,0.0000,0,0.0000,0,0.0000
Torva,26,21,58,5.8000,8,0.8000,1,0.1000,0,0.0000,0,0.0000,0,0.0000,0,0.0000,0,0.0000,0,0.0000,0,0.0000,0,0.0000
Torva,26,22,247,24.7000,92,9.2000,27,2.7000,3,0.3000,0,0.0000,0,0.0000,0,0.0000,0,0.0000,0,0.0000,0,0.0000,0,0.0000
Torva,26,23,625,62.5000,332,33.2000,132,13.2000,41,4.1000,6,0.6000,1,0.1000,0,0.0000,0,0.0000,0,0.0000,0,0.0000,0,0.0000
Oath,26,19,0,0.0000,0,0.0000,0,0.0000,0,0.0000,0,0.0000,0,0.0000,0,0.0000,0,0.0000,0,0.0000,0,0.0000,0,0.0000
Oath,26,20,0,0.0000,0,0.0000,0,0.0000,0,0.0000,0,0.0000,0,0.0000,0,0.0000,0,0.0000,0,0.0000,0,0.0000,0,0.0000
Oath,26,21,34,3.4000,4,0.4000,0,0.0000,0,0.0000,0,0.0000,0,0.0000,0,0.0000,0,0.0000,0,0.0000,0,0.0000,0,0.0000
Oath,26,22,203,20.3000,60,6.0000,14,1.4000,0,0.0000,0,0.0000,0,0.0000,0,0.0000,0,0.0000,0,0.0000,0,0.0000,0,0.0000
Oath,26,23,575,57.5000,284,28.4000,99,9.9000,23,2.3000,1,0.1000,0,0.0000,0,0.0000,0,0.0000,0,0.0000,0,0.0000,0,0.0000
Torva,27,19,0,0.0000,0,0.0000,0,0.0000,0,0.0000,0,0.0000,0,0.0000,0,0.0000,0,0.0000,0,0.0000,0,0.0000,0,0.0000
Torva,27,20,1,0.1000,0,0.0000,0,0.0000,0,0.0000,0,0.0000,0,0.0000,0,0.0000,0,0.0000,0,0.0000,0,0.0000,0,0.0000
Torva,27,21,43,4.3000,7,0.7000,1,0.1000,0,0.0000,0,0.0000,0,0.0000,0,0.0000,0,0.0000,0,0.0000,0,0.0000,0,0.0000
Torva,27,22,251,25.1000,80,8.0000,20,2.0000,3,0.3000,0,0.0000,0,0.0000,0,0.0000,0,0.0000,0,0.0000,0,0.0000,0,0.0000
Torva,27,23,595,59.5000,338,33.8000,127,12.7000,34,3.4000,4,0.4000,2,0.2000,0,0.0000,0,0.0000,0,0.0000,0,0.0000,0,0.0000
Oath,27,19,0,0.0000,0,0.0000,0,0.0000,0,0.0000,0,0.0000,0,0.0000,0,0.0000,0,0.0000,0,0.0000,0,0.0000,0,0.0000
Oath,27,20,1,0.1000,0,0.0000,0,0.0000,0,0.0000,0,0.0000,0,0.0000,0,0.0000,0,0.0000,0,0.0000,0,0.0000,0,0.0000
Oath,27,21,42,4.2000,9,0.9000,1,0.1000,0,0.0000,0,0.0000,0,0.0000,0,0.0000,0,0.0000,0,0.0000,0,0.0000,0,0.0000
Oath,27,22,202,20.2000,65,6.5000,12,1.2000,2,0.2000,0,0.0000,0,0.0000,0,0.0000,0,0.0000,0,0.0000,0,0.0000,0,0.0000
Oath,27,23,541,54.1000,279,27.9000,106,10.6000,24,2.4000,3,0.3000,1,0.1000,0,0.0000,0,0.0000,0,0.0000,0,0.0000,0,0.0000
Torva,28,19,0,0.0000,0,0.0000,0,0.0000,0,0.0000,0,0.0000,0,0.0000,0,0.0000,0,0.0000,0,0.0000,0,0.0000,0,0.0000
Torva,28,20,3,0.3000,0,0.0000,0,0.0000,0,0.0000,0,0.0000,0,0.0000,0,0.0000,0,0.0000,0,0.0000,0,0.0000,0,0.0000
Torva,28,21,51,5.1000,8,0.8000,1,0.1000,0,0.0000,0,0.0000,0,0.0000,0,0.0000,0,0.0000,0,0.0000,0,0.0000,0,0.0000
Torva,28,22,254,25.4000,74,7.4000,19,1.9000,4,0.4000,0,0.0000,0,0.0000,0,0.0000,0,0.0000,0,0.0000,0,0.0000,0,0.0000
Torva,28,23,606,60.6000,335,33.5000,118,11.8000,31,3.1000,8,0.8000,1,0.1000,0,0.0000,0,0.0000,0,0.0000,0,0.0000,0,0.0000
Oath,28,19,0,0.0000,0,0.0000,0,0.0000,0,0.0000,0,0.0000,0,0.0000,0,0.0000,0,0.0000,0,0.0000,0,0.0000,0,0.0000
Oath,28,20,2,0.2000,0,0.0000,0,0.0000,0,0.0000,0,0.0000,0,0.0000,0,0.0000,0,0.0000,0,0.0000,0,0.0000,0,0.0000
Oath,28,21,36,3.6000,7,0.7000,0,0.0000,0,0.0000,0,0.0000,0,0.0000,0,0.0000,0,0.0000,0,0.0000,0,0.0000,0,0.0000
Oath,28,22,204,20.4000,68,6.8000,12,1.2000,1,0.1000,0,0.0000,0,0.0000,0,0.0000,0,0.0000,0,0.0000,0,0.0000,0,0.0000
Oath,28,23,527,52.7000,271,27.1000,105,10.5000,22,2.2000,3,0.3000,0,0.0000,0,0.0000,0,0.0000,0,0.0000,0,0.0000,0,0.0000
Torva,29,19,0,0.0000,0,0.0000,0,0.0000,0,0.0000,0,0.0000,0,0.0000,0,0.0000,0,0.0000,0,0.0000,0,0.0000,0,0.0000
Torva,29,20,2,0.2000,0,0.0000,0,0.0000,0,0.0000,0,0.0000,0,0.0000,0,0.0000,0,0.0000,0,0.0000,0,0.0000,0,0.0000
Torva,29,21,45,4.5000,7,0.7000,1,0.1000,0,0.0000,0,0.0000,0,0.0000,0,0.0000,0,0.0000,0,0.0000,0,0.0000,0,0.0000
Torva,29,22,243,24.3000,79,7.9000,14,1.4000,1,0.1000,0,0.0000,0,0.0000,0,0.0000,0,0.0000,0,0.0000,0,0.0000,0,0.0000
Torva,29,23,577,57.7000,320,32.0000,125,12.5000,32,3.2000,3,0.3000,0,0.0000,0,0.0000,0,0.0000,0,0.0000,0,0.0000,0,0.0000
Oath,29,19,0,0.0000,0,0.0000,0,0.0000,0,0.0000,0,0.0000,0,0.0000,0,0.0000,0,0.0000,0,0.0000,0,0.0000,0,0.0000
Oath,29,20,2,0.2000,1,0.1000,0,0.0000,0,0.0000,0,0.0000,0,0.0000,0,0.0000,0,0.0000,0,0.0000,0,0.0000,0,0.0000
Oath,29,21,41,4.1000,7,0.7000,1,0.1000,0,0.0000,0,0.0000,0,0.0000,0,0.0000,0,0.0000,0,0.0000,0,0.0000,0,0.0000
Oath,29,22,202,20.2000,73,7.3000,14,1.4000,4,0.4000,1,0.1000,0,0.0000,0,0.0000,0,0.0000,0,0.0000,0,0.0000,0,0.0000
Oath,29,23,545,54.5000,271,27.1000,110,11.0000,28,2.8000,7,0.7000,1,0.1000,0,0.0000,0,0.0000,0,0.0000,0,0.0000,0,0.0000
Torva,30,19,0,0.0000,0,0.0000,0,0.0000,0,0.0000,0,0.0000,0,0.0000,0,0.0000,0,0.0000,0,0.0000,0,0.0000,0,0.0000
Torva,30,20,5,0.5000,0,0.0000,0,0.0000,0,0.0000,0,0.0000,0,0.0000,0,0.0000,0,0.0000,0,0.0000,0,0.0000,0,0.0000
Torva,30,21,60,6.0000,12,1.2000,1,0.1000,0,0.0000,0,0.0000,0,0.0000,0,0.0000,0,0.0000,0,0.0000,0,0.0000,0,0.0000
Torva,30,22,248,24.8000,94,9.4000,24,2.4000,1,0.1000,0,0.0000,0,0.0000,0,0.0000,0,0.0000,0,0.0000,0,0.0000,0,0.0000
Torva,30,23,577,57.7000,322,32.2000,136,13.6000,36,3.6000,4,0.4000,0,0.0000,0,0.0000,0,0.0000,0,0.0000,0,0.0000,0,0.0000
Oath,30,19,0,0.0000,0,0.0000,0,0.0000,0,0.0000,0,0.0000,0,0.0000,0,0.0000,0,0.0000,0,0.0000,0,0.0000,0,0.0000
Oath,30,20,2,0.2000,0,0.0000,0,0.0000,0,0.0000,0,0.0000,0,0.0000,0,0.0000,0,0.0000,0,0.0000,0,0.0000,0,0.0000
Oath,30,21,45,4.5000,10,1.0000,0,0.0000,0,0.0000,0,0.0000,0,0.0000,0,0.0000,0,0.0000,0,0.0000,0,0.0000,0,0.0000
Oath,30,22,198,19.8000,64,6.4000,19,1.9000,2,0.2000,0,0.0000,0,0.0000,0,0.0000,0,0.0000,0,0.0000,0,0.0000,0,0.0000
Oath,30,23,526,52.6000,269,26.9000,109,10.9000,33,3.3000,7,0.7000,0,0.0000,0,0.0000,0,0.0000,0,0.0000,0,0.0000,0,0.0000
Torva,31,19,0,0.0000,0,0.0000,0,0.0000,0,0.0000,0,0.0000,0,0.0000,0,0.0000,0,0.0000,0,0.0000,0,0.0000,0,0.0000
Torva,31,20,3,0.3000,0,0.0000,0,0.0000,0,0.0000,0,0.0000,0,0.0000,0,0.0000,0,0.0000,0,0.0000,0,0.0000,0,0.0000
Torva,31,21,51,5.1000,5,0.5000,2,0.2000,0,0.0000,0,0.0000,0,0.0000,0,0.0000,0,0.0000,0,0.0000,0,0.0000,0,0.0000
Torva,31,22,241,24.1000,78,7.8000,10,1.0000,4,0.4000,0,0.0000,0,0.0000,0,0.0000,0,0.0000,0,0.0000,0,0.0000,0,0.0000
Torva,31,23,563,56.3000,303,30.3000,125,12.5000,35,3.5000,4,0.4000,0,0.0000,0,0.0000,0,0.0000,0,0.0000,0,0.0000,0,0.0000
Oath,31,19,1,0.1000,0,0.0000,0,0.0000,0,0.0000,0,0.0000,0,0.0000,0,0.0000,0,0.0000,0,0.0000,0,0.0000,0,0.0000
Oath,31,20,3,0.3000,1,0.1000,0,0.0000,0,0.0000,0,0.0000,0,0.0000,0,0.0000,0,0.0000,0,0.0000,0,0.0000,0,0.0000
Oath,31,21,27,2.7000,6,0.6000,1,0.1000,1,0.1000,0,0.0000,0,0.0000,0,0.0000,0,0.0000,0,0.0000,0,0.0000,0,0.0000
Oath,31,22,169,16.9000,43,4.3000,12,1.2000,2,0.2000,1,0.1000,1,0.1000,0,0.0000,0,0.0000,0,0.0000,0,0.0000,0,0.0000
Oath,31,23,500,50.0000,241,24.1000,68,6.8000,17,1.7000,4,0.4000,2,0.2000,1,0.1000,0,0.0000,0,0.0000,0,0.0000,0,0.0000
Torva,32,19,0,0.0000,0,0.0000,0,0.0000,0,0.0000,0,0.0000,0,0.0000,0,0.0000,0,0.0000,0,0.0000,0,0.0000,0,0.0000
Torva,32,20,3,0.3000,0,0.0000,0,0.0000,0,0.0000,0,0.0000,0,0.0000,0,0.0000,0,0.0000,0,0.0000,0,0.0000,0,0.0000
Torva,32,21,41,4.1000,6,0.6000,0,0.0000,0,0.0000,0,0.0000,0,0.0000,0,0.0000,0,0.0000,0,0.0000,0,0.0000,0,0.0000
Torva,32,22,225,22.5000,72,7.2000,13,1.3000,0,0.0000,0,0.0000,0,0.0000,0,0.0000,0,0.0000,0,0.0000,0,0.0000,0,0.0000
Torva,32,23,572,57.2000,292,29.2000,121,12.1000,29,2.9000,2,0.2000,0,0.0000,0,0.0000,0,0.0000,0,0.0000,0,0.0000,0,0.0000
Oath,32,19,0,0.0000,0,0.0000,0,0.0000,0,0.0000,0,0.0000,0,0.0000,0,0.0000,0,0.0000,0,0.0000,0,0.0000,0,0.0000
Oath,32,20,1,0.1000,0,0.0000,0,0.0000,0,0.0000,0,0.0000,0,0.0000,0,0.0000,0,0.0000,0,0.0000,0,0.0000,0,0.0000
Oath,32,21,29,2.9000,4,0.4000,0,0.0000,0,0.0000,0,0.0000,0,0.0000,0,0.0000,0,0.0000,0,0.0000,0,0.0000,0,0.0000
Oath,32,22,188,18.8000,44,4.4000,8,0.8000,1,0.1000,0,0.0000,0,0.0000,0,0.0000,0,0.0000,0,0.0000,0,0.0000,0,0.0000
Oath,32,23,532,53.2000,259,25.9000,75,7.5000,17,1.7000,3,0.3000,0,0.0000,0,0.0000,0,0.0000,0,0.0000,0,0.0000,0,0.0000
Torva,33,19,0,0.0000,0,0.0000,0,0.0000,0,0.0000,0,0.0000,0,0.0000,0,0.0000,0,0.0000,0,0.0000,0,0.0000,0,0.0000
Torva,33,20,1,0.1000,0,0.0000,0,0.0000,0,0.0000,0,0.0000,0,0.0000,0,0.0000,0,0.0000,0,0.0000,0,0.0000,0,0.0000
Torva,33,21,36,3.6000,4,0.4000,1,0.1000,0,0.0000,0,0.0000,0,0.0000,0,0.0000,0,0.0000,0,0.0000,0,0.0000,0,0.0000
Torva,33,22,221,22.1000,63,6.3000,12,1.2000,1,0.1000,0,0.0000,0,0.0000,0,0.0000,0,0.0000,0,0.0000,0,0.0000,0,0.0000
Torva,33,23,585,58.5000,291,29.1000,114,11.4000,21,2.1000,3,0.3000,1,0.1000,0,0.0000,0,0.0000,0,0.0000,0,0.0000,0,0.0000
Oath,33,19,0,0.0000,0,0.0000,0,0.0000,0,0.0000,0,0.0000,0,0.0000,0,0.0000,0,0.0000,0,0.0000,0,0.0000,0,0.0000
Oath,33,20,2,0.2000,0,0.0000,0,0.0000,0,0.0000,0,0.0000,0,0.0000,0,0.0000,0,0.0000,0,0.0000,0,0.0000,0,0.0000
Oath,33,21,22,2.2000,4,0.4000,0,0.0000,0,0.0000,0,0.0000,0,0.0000,0,0.0000,0,0.0000,0,0.0000,0,0.0000,0,0.0000
Oath,33,22,178,17.8000,42,4.2000,5,0.5000,2,0.2000,0,0.0000,0,0.0000,0,0.0000,0,0.0000,0,0.0000,0,0.0000,0,0.0000
Oath,33,23,508,50.8000,238,23.8000,82,8.2000,16,1.6000,2,0.2000,0,0.0000,0,0.0000,0,0.0000,0,0.0000,0,0.0000,0,0.0000
Torva,34,19,0,0.0000,0,0.0000,0,0.0000,0,0.0000,0,0.0000,0,0.0000,0,0.0000,0,0.0000,0,0.0000,0,0.0000,0,0.0000
Torva,34,20,0,0.0000,0,0.0000,0,0.0000,0,0.0000,0,0.0000,0,0.0000,0,0.0000,0,0.0000,0,0.0000,0,0.0000,0,0.0000
Torva,34,21,44,4.4000,9,0.9000,0,0.0000,0,0.0000,0,0.0000,0,0.0000,0,0.0000,0,0.0000,0,0.0000,0,0.0000,0,0.0000
Torva,34,22,210,21.0000,76,7.6000,22,2.2000,1,0.1000,0,0.0000,0,0.0000,0,0.0000,0,0.0000,0,0.0000,0,0.0000,0,0.0000
Torva,34,23,539,53.9000,281,28.1000,113,11.3000,31,3.1000,6,0.6000,0,0.0000,0,0.0000,0,0.0000,0,0.0000,0,0.0000,0,0.0000
Oath,34,19,0,0.0000,0,0.0000,0,0.0000,0,0.0000,0,0.0000,0,0.0000,0,0.0000,0,0.0000,0,0.0000,0,0.0000,0,0.0000
Oath,34,20,5,0.5000,1,0.1000,0,0.0000,0,0.0000,0,0.0000,0,0.0000,0,0.0000,0,0.0000,0,0.0000,0,0.0000,0,0.0000
Oath,34,21,23,2.3000,4,0.4000,2,0.2000,0,0.0000,0,0.0000,0,0.0000,0,0.0000,0,0.0000,0,0.0000,0,0.0000,0,0.0000
Oath,34,22,167,16.7000,47,4.7000,9,0.9000,2,0.2000,0,0.0000,0,0.0000,0,0.0000,0,0.0000,0,0.0000,0,0.0000,0,0.0000
Oath,34,23,490,49.0000,232,23.2000,79,7.9000,14,1.4000,4,0.4000,1,0.1000,0,0.0000,0,0.0000,0,0.0000,0,0.0000,0,0.0000
Torva,35,19,0,0.0000,0,0.0000,0,0.0000,0,0.0000,0,0.0000,0,0.0000,0,0.0000,0,0.0000,0,0.0000,0,0.0000,0,0.0000
Torva,35,20,5,0.5000,1,0.1000,0,0.0000,0,0.0000,0,0.0000,0,0.0000,0,0.0000,0,0.0000,0,0.0000,0,0.0000,0,0.0000
Torva,35,21,39,3.9000,7,0.7000,1,0.1000,0,0.0000,0,0.0000,0,0.0000,0,0.0000,0,0.0000,0,0.0000,0,0.0000,0,0.0000
Torva,35,22,224,22.4000,66,6.6000,11,1.1000,2,0.2000,0,0.0000,0,0.0000,0,0.0000,0,0.0000,0,0.0000,0,0.0000,0,0.0000
Torva,35,23,560,56.0000,311,31.1000,106,10.6000,27,2.7000,4,0.4000,0,0.0000,0,0.0000,0,0.0000,0,0.0000,0,0.0000,0,0.0000
Oath,35,19,0,0.0000,0,0.0000,0,0.0000,0,0.0000,0,0.0000,0,0.0000,0,0.0000,0,0.0000,0,0.0000,0,0.0000,0,0.0000
Oath,35,20,1,0.1000,0,0.0000,0,0.0000,0,0.0000,0,0.0000,0,0.0000,0,0.0000,0,0.0000,0,0.0000,0,0.0000,0,0.0000
Oath,35,21,36,3.6000,6,0.6000,0,0.0000,0,0.0000,0,0.0000,0,0.0000,0,0.0000,0,0.0000,0,0.0000,0,0.0000,0,0.0000
Oath,35,22,182,18.2000,58,5.8000,14,1.4000,1,0.1000,0,0.0000,0,0.0000,0,0.0000,0,0.0000,0,0.0000,0,0.0000,0,0.0000
Oath,35,23,489,48.9000,248,24.8000,85,8.5000,24,2.4000,6,0.6000,0,0.0000,0,0.0000,0,0.0000,0,0.0000,0,0.0000,0,0.0000
Torva,36,19,0,0.0000,0,0.0000,0,0.0000,0,0.0000,0,0.0000,0,0.0000,0,0.0000,0,0.0000,0,0.0000,0,0.0000,0,0.0000
Torva,36,20,1,0.1000,1,0.1000,0,0.0000,0,0.0000,0,0.0000,0,0.0000,0,0.0000,0,0.0000,0,0.0000,0,0.0000,0,0.0000
Torva,36,21,40,4.0000,6,0.6000,1,0.1000,0,0.0000,0,0.0000,0,0.0000,0,0.0000,0,0.0000,0,0.0000,0,0.0000,0,0.0000
Torva,36,22,206,20.6000,63,6.3000,10,1.0000,1,0.1000,1,0.1000,0,0.0000,0,0.0000,0,0.0000,0,0.0000,0,0.0000,0,0.0000
Torva,36,23,551,55.1000,288,28.8000,105,10.5000,18,1.8000,3,0.3000,1,0.1000,0,0.0000,0,0.0000,0,0.0000,0,0.0000,0,0.0000
Oath,36,19,0,0.0000,0,0.0000,0,0.0000,0,0.0000,0,0.0000,0,0.0000,0,0.0000,0,0.0000,0,0.0000,0,0.0000,0,0.0000
Oath,36,20,1,0.1000,0,0.0000,0,0.0000,0,0.0000,0,0.0000,0,0.0000,0,0.0000,0,0.0000,0,0.0000,0,0.0000,0,0.0000
Oath,36,21,26,2.6000,5,0.5000,0,0.0000,0,0.0000,0,0.0000,0,0.0000,0,0.0000,0,0.0000,0,0.0000,0,0.0000,0,0.0000
Oath,36,22,181,18.1000,49,4.9000,8,0.8000,0,0.0000,0,0.0000,0,0.0000,0,0.0000,0,0.0000,0,0.0000,0,0.0000,0,0.0000
Oath,36,23,475,47.5000,247,24.7000,81,8.1000,16,1.6000,2,0.2000,0,0.0000,0,0.0000,0,0.0000,0,0.0000,0,0.0000,0,0.0000
Torva,37,19,0,0.0000,0,0.0000,0,0.0000,0,0.0000,0,0.0000,0,0.0000,0,0.0000,0,0.0000,0,0.0000,0,0.0000,0,0.0000
Torva,37,20,3,0.3000,0,0.0000,0,0.0000,0,0.0000,0,0.0000,0,0.0000,0,0.0000,0,0.0000,0,0.0000,0,0.0000,0,0.0000
Torva,37,21,32,3.2000,4,0.4000,2,0.2000,0,0.0000,0,0.0000,0,0.0000,0,0.0000,0,0.0000,0,0.0000,0,0.0000,0,0.0000
Torva,37,22,190,19.0000,61,6.1000,11,1.1000,3,0.3000,0,0.0000,0,0.0000,0,0.0000,0,0.0000,0,0.0000,0,0.0000,0,0.0000
Torva,37,23,531,53.1000,280,28.0000,94,9.4000,19,1.9000,5,0.5000,1,0.1000,0,0.0000,0,0.0000,0,0.0000,0,0.0000,0,0.0000
Oath,37,19,1,0.1000,0,0.0000,0,0.0000,0,0.0000,0,0.0000,0,0.0000,0,0.0000,0,0.0000,0,0.0000,0,0.0000,0,0.0000
Oath,37,20,2,0.2000,1,0.1000,0,0.0000,0,0.0000,0,0.0000,0,0.0000,0,0.0000,0,0.0000,0,0.0000,0,0.0000,0,0.0000
Oath,37,21,33,3.3000,5,0.5000,1,0.1000,1,0.1000,0,0.0000,0,0.0000,0,0.0000,0,0.0000,0,0.0000,0,0.0000,0,0.0000
Oath,37,22,167,16.7000,51,5.1000,8,0.8000,1,0.1000,1,0.1000,0,0.0000,0,0.0000,0,0.0000,0,0.0000,0,0.0000,0,0.0000
Oath,37,23,477,47.7000,231,23.1000,79,7.9000,23,2.3000,3,0.3000,1,0.1000,1,0.1000,0,0.0000,0,0.0000,0,0.0000,0,0.0000
Torva,38,19,0,0.0000,0,0.0000,0,0.0000,0,0.0000,0,0.0000,0,0.0000,0,0.0000,0,0.0000,0,0.0000,0,0.0000,0,0.0000
Torva,38,20,2,0.2000,0,0.0000,0,0.0000,0,0.0000,0,0.0000,0,0.0000,0,0.0000,0,0.0000,0,0.0000,0,0.0000,0,0.0000
Torva,38,21,35,3.5000,6,0.6000,0,0.0000,0,0.0000,0,0.0000,0,0.0000,0,0.0000,0,0.0000,0,0.0000,0,0.0000,0,0.0000
Torva,38,22,188,18.8000,58,5.8000,7,0.7000,1,0.1000,0,0.0000,0,0.0000,0,0.0000,0,0.0000,0,0.0000,0,0.0000,0,0.0000
Torva,38,23,516,51.6000,265,26.5000,95,9.5000,22,2.2000,4,0.4000,0,0.0000,0,0.0000,0,0.0000,0,0.0000,0,0.0000,0,0.0000
Oath,38,19,0,0.0000,0,0.0000,0,0.0000,0,0.0000,0,0.0000,0,0.0000,0,0.0000,0,0.0000,0,0.0000,0,0.0000,0,0.0000
Oath,38,20,2,0.2000,0,0.0000,0,0.0000,0,0.0000,0,0.0000,0,0.0000,0,0.0000,0,0.0000,0,0.0000,0,0.0000,0,0.0000
Oath,38,21,30,3.0000,7,0.7000,0,0.0000,0,0.0000,0,0.0000,0,0.0000,0,0.0000,0,0.0000,0,0.0000,0,0.0000,0,0.0000
Oath,38,22,163,16.3000,51,5.1000,15,1.5000,2,0.2000,0,0.0000,0,0.0000,0,0.0000,0,0.0000,0,0.0000,0,0.0000,0,0.0000
Oath,38,23,452,45.2000,218,21.8000,74,7.4000,20,2.0000,5,0.5000,0,0.0000,0,0.0000,0,0.0000,0,0.0000,0,0.0000,0,0.0000
Torva,39,19,0,0.0000,0,0.0000,0,0.0000,0,0.0000,0,0.0000,0,0.0000,0,0.0000,0,0.0000,0,0.0000,0,0.0000,0,0.0000
Torva,39,20,3,0.3000,0,0.0000,0,0.0000,0,0.0000,0,0.0000,0,0.0000,0,0.0000,0,0.0000,0,0.0000,0,0.0000,0,0.0000
Torva,39,21,32,3.2000,7,0.7000,0,0.0000,0,0.0000,0,0.0000,0,0.0000,0,0.0000,0,0.0000,0,0.0000,0,0.0000,0,0.0000
Torva,39,22,196,19.6000,61,6.1000,14,1.4000,1,0.1000,0,0.0000,0,0.0000,0,0.0000,0,0.0000,0,0.0000,0,0.0000,0,0.0000
Torva,39,23,492,49.2000,246,24.6000,101,10.1000,22,2.2000,2,0.2000,0,0.0000,0,0.0000,0,0.0000,0,0.0000,0,0.0000,0,0.0000
Oath,39,19,0,0.0000,0,0.0000,0,0.0000,0,0.0000,0,0.0000,0,0.0000,0,0.0000,0,0.0000,0,0.0000,0,0.0000,0,0.0000
Oath,39,20,1,0.1000,0,0.0000,0,0.0000,0,0.0000,0,0.0000,0,0.0000,0,0.0000,0,0.0000,0,0.0000,0,0.0000,0,0.0000
Oath,39,21,28,2.8000,4,0.4000,0,0.0000,0,0.0000,0,0.0000,0,0.0000,0,0.0000,0,0.0000,0,0.0000,0,0.0000,0,0.0000
Oath,39,22,164,16.4000,57,5.7000,12,1.2000,0,0.0000,0,0.0000,0,0.0000,0,0.0000,0,0.0000,0,0.0000,0,0.0000,0,0.0000
Oath,39,23,475,47.5000,229,22.9000,84,8.4000,19,1.9000,2,0.2000,0,0.0000,0,0.0000,0,0.0000,0,0.0000,0,0.0000,0,0.0000
Torva,40,19,0,0.0000,0,0.0000,0,0.0000,0,0.0000,0,0.0000,0,0.0000,0,0.0000,0,0.0000,0,0.0000,0,0.0000,0,0.0000
Torva,40,20,3,0.3000,1,0.1000,0,0.0000,0,0.0000,0,0.0000,0,0.0000,0,0.0000,0,0.0000,0,0.0000,0,0.0000,0,0.0000
Torva,40,21,33,3.3000,6,0.6000,1,0.1000,0,0.0000,0,0.0000,0,0.0000,0,0.0000,0,0.0000,0,0.0000,0,0.0000,0,0.0000
Torva,40,22,185,18.5000,50,5.0000,10,1.0000,2,0.2000,1,0.1000,0,0.0000,0,0.0000,0,0.0000,0,0.0000,0,0.0000,0,0.0000
Torva,40,23,519,51.9000,261,26.1000,81,8.1000,15,1.5000,2,0.2000,1,0.1000,0,0.0000,0,0.0000,0,0.0000,0,0.0000,0,0.0000
Oath,40,19,0,0.0000,0,0.0000,0,0.0000,0,0.0000,0,0.0000,0,0.0000,0,0.0000,0,0.0000,0,0.0000,0,0.0000,0,0.0000
Oath,40,20,2,0.2000,0,0.0000,0,0.0000,0,0.0000,0,0.0000,0,0.0000,0,0.0000,0,0.0000,0,0.0000,0,0.0000,0,0.0000
Oath,40,21,25,2.5000,4,0.4000,0,0.0000,0,0.0000,0,0.0000,0,0.0000,0,0.0000,0,0.0000,0,0.0000,0,0.0000,0,0.0000
Oath,40,22,151,15.1000,41,4.1000,6,0.6000,2,0.2000,0,0.0000,0,0.0000,0,0.0000,0,0.0000,0,0.0000,0,0.0000,0,0.0000
Oath,40,23,453,45.3000,197,19.7000,65,6.5000,19,1.9000,3,0.3000,0,0.0000,0,0.0000,0,0.0000,0,0.0000,0,0.0000,0,0.0000
Torva,41,19,0,0.0000,0,0.0000,0,0.0000,0,0.0000,0,0.0000,0,0.0000,0,0.0000,0,0.0000,0,0.0000,0,0.0000,0,0.0000
Torva,41,20,2,0.2000,1,0.1000,0,0.0000,0,0.0000,0,0.0000,0,0.0000,0,0.0000,0,0.0000,0,0.0000,0,0.0000,0,0.0000
Torva,41,21,35,3.5000,4,0.4000,2,0.2000,0,0.0000,0,0.0000,0,0.0000,0,0.0000,0,0.0000,0,0.0000,0,0.0000,0,0.0000
Torva,41,22,192,19.2000,55,5.5000,11,1.1000,2,0.2000,1,0.1000,0,0.0000,0,0.0000,0,0.0000,0,0.0000,0,0.0000,0,0.0000
Torva,41,23,518,51.8000,263,26.3000,87,8.7000,18,1.8000,3,0.3000,1,0.1000,0,0.0000,0,0.0000,0,0.0000,0,0.0000,0,0.0000
Oath,41,19,0,0.0000,0,0.0000,0,0.0000,0,0.0000,0,0.0000,0,0.0000,0,0.0000,0,0.0000,0,0.0000,0,0.0000,0,0.0000
Oath,41,20,1,0.1000,0,0.0000,0,0.0000,0,0.0000,0,0.0000,0,0.0000,0,0.0000,0,0.0000,0,0.0000,0,0.0000,0,0.0000
Oath,41,21,18,1.8000,2,0.2000,1,0.1000,0,0.0000,0,0.0000,0,0.0000,0,0.0000,0,0.0000,0,0.0000,0,0.0000,0,0.0000
Oath,41,22,143,14.3000,34,3.4000,3,0.3000,1,0.1000,0,0.0000,0,0.0000,0,0.0000,0,0.0000,0,0.0000,0,0.0000,0,0.0000
Oath,41,23,446,44.6000,196,19.6000,60,6.0000,11,1.1000,1,0.1000,0,0.0000,0,0.0000,0,0.0000,0,0.0000,0,0.0000,0,0.0000
Torva,42,19,0,0.0000,0,0.0000,0,0.0000,0,0.0000,0,0.0000,0,0.0000,0,0.0000,0,0.0000,0,0.0000,0,0.0000,0,0.0000
Torva,42,20,1,0.1000,0,0.0000,0,0.0000,0,0.0000,0,0.0000,0,0.0000,0,0.0000,0,0.0000,0,0.0000,0,0.0000,0,0.0000
Torva,42,21,27,2.7000,5,0.5000,0,0.0000,0,0.0000,0,0.0000,0,0.0000,0,0.0000,0,0.0000,0,0.0000,0,0.0000,0,0.0000
Torva,42,22,171,17.1000,52,5.2000,8,0.8000,0,0.0000,0,0.0000,0,0.0000,0,0.0000,0,0.0000,0,0.0000,0,0.0000,0,0.0000
Torva,42,23,490,49.0000,239,23.9000,77,7.7000,17,1.7000,3,0.3000,0,0.0000,0,0.0000,0,0.0000,0,0.0000,0,0.0000,0,0.0000
Oath,42,19,0,0.0000,0,0.0000,0,0.0000,0,0.0000,0,0.0000,0,0.0000,0,0.0000,0,0.0000,0,0.0000,0,0.0000,0,0.0000
Oath,42,20,2,0.2000,0,0.0000,0,0.0000,0,0.0000,0,0.0000,0,0.0000,0,0.0000,0,0.0000,0,0.0000,0,0.0000,0,0.0000
Oath,42,21,22,2.2000,5,0.5000,0,0.0000,0,0.0000,0,0.0000,0,0.0000,0,0.0000,0,0.0000,0,0.0000,0,0.0000,0,0.0000
Oath,42,22,123,12.3000,30,3.0000,8,0.8000,3,0.3000,0,0.0000,0,0.0000,0,0.0000,0,0.0000,0,0.0000,0,0.0000,0,0.0000
Oath,42,23,424,42.4000,172,17.2000,54,5.4000,14,1.4000,5,0.5000,0,0.0000,0,0.0000,0,0.0000,0,0.0000,0,0.0000,0,0.0000
Torva,43,19,0,0.0000,0,0.0000,0,0.0000,0,0.0000,0,0.0000,0,0.0000,0,0.0000,0,0.0000,0,0.0000,0,0.0000,0,0.0000
Torva,43,20,3,0.3000,0,0.0000,0,0.0000,0,0.0000,0,0.0000,0,0.0000,0,0.0000,0,0.0000,0,0.0000,0,0.0000,0,0.0000
Torva,43,21,24,2.4000,4,0.4000,0,0.0000,0,0.0000,0,0.0000,0,0.0000,0,0.0000,0,0.0000,0,0.0000,0,0.0000,0,0.0000
Torva,43,22,160,16.0000,40,4.0000,8,0.8000,1,0.1000,0,0.0000,0,0.0000,0,0.0000,0,0.0000,0,0.0000,0,0.0000,0,0.0000
Torva,43,23,484,48.4000,227,22.7000,65,6.5000,14,1.4000,4,0.4000,0,0.0000,0,0.0000,0,0.0000,0,0.0000,0,0.0000,0,0.0000
Oath,43,19,0,0.0000,0,0.0000,0,0.0000,0,0.0000,0,0.0000,0,0.0000,0,0.0000,0,0.0000,0,0.0000,0,0.0000,0,0.0000
Oath,43,20,1,0.1000,0,0.0000,0,0.0000,0,0.0000,0,0.0000,0,0.0000,0,0.0000,0,0.0000,0,0.0000,0,0.0000,0,0.0000
Oath,43,21,24,2.4000,2,0.2000,0,0.0000,0,0.0000,0,0.0000,0,0.0000,0,0.0000,0,0.0000,0,0.0000,0,0.0000,0,0.0000
Oath,43,22,122,12.2000,39,3.9000,9,0.9000,0,0.0000,0,0.0000,0,0.0000,0,0.0000,0,0.0000,0,0.0000,0,0.0000,0,0.0000
Oath,43,23,410,41.0000,188,18.8000,55,5.5000,14,1.4000,1,0.1000,0,0.0000,0,0.0000,0,0.0000,0,0.0000,0,0.0000,0,0.0000
Torva,44,19,0,0.0000,0,0.0000,0,0.0000,0,0.0000,0,0.0000,0,0.0000,0,0.0000,0,0.0000,0,0.0000,0,0.0000,0,0.0000
Torva,44,20,2,0.2000,0,0.0000,0,0.0000,0,0.0000,0,0.0000,0,0.0000,0,0.0000,0,0.0000,0,0.0000,0,0.0000,0,0.0000
Torva,44,21,32,3.2000,4,0.4000,0,0.0000,0,0.0000,0,0.0000,0,0.0000,0,0.0000,0,0.0000,0,0.0000,0,0.0000,0,0.0000
Torva,44,22,164,16.4000,45,4.5000,12,1.2000,1,0.1000,0,0.0000,0,0.0000,0,0.0000,0,0.0000,0,0.0000,0,0.0000,0,0.0000
Torva,44,23,463,46.3000,233,23.3000,81,8.1000,21,2.1000,2,0.2000,0,0.0000,0,0.0000,0,0.0000,0,0.0000,0,0.0000,0,0.0000
Oath,44,19,0,0.0000,0,0.0000,0,0.0000,0,0.0000,0,0.0000,0,0.0000,0,0.0000,0,0.0000,0,0.0000,0,0.0000,0,0.0000
Oath,44,20,1,0.1000,0,0.0000,0,0.0000,0,0.0000,0,0.0000,0,0.0000,0,0.0000,0,0.0000,0,0.0000,0,0.0000,0,0.0000
Oath,44,21,29,2.9000,3,0.3000,0,0.0000,0,0.0000,0,0.0000,0,0.0000,0,0.0000,0,0.0000,0,0.0000,0,0.0000,0,0.0000
Oath,44,22,146,14.6000,47,4.7000,7,0.7000,1,0.1000,0,0.0000,0,0.0000,0,0.0000,0,0.0000,0,0.0000,0,0.0000,0,0.0000
Oath,44,23,431,43.1000,193,19.3000,68,6.8000,13,1.3000,2,0.2000,0,0.0000,0,0.0000,0,0.0000,0,0.0000,0,0.0000,0,0.0000
Torva,45,19,0,0.0000,0,0.0000,0,0.0000,0,0.0000,0,0.0000,0,0.0000,0,0.0000,0,0.0000,0,0.0000,0,0.0000,0,0.0000
Torva,45,20,0,0.0000,0,0.0000,0,0.0000,0,0.0000,0,0.0000,0,0.0000,0,0.0000,0,0.0000,0,0.0000,0,0.0000,0,0.0000
Torva,45,21,21,2.1000,3,0.3000,0,0.0000,0,0.0000,0,0.0000,0,0.0000,0,0.0000,0,0.0000,0,0.0000,0,0.0000,0,0.0000
Torva,45,22,152,15.2000,47,4.7000,9,0.9000,0,0.0000,0,0.0000,0,0.0000,0,0.0000,0,0.0000,0,0.0000,0,0.0000,0,0.0000
Torva,45,23,440,44.0000,209,20.9000,73,7.3000,14,1.4000,0,0.0000,0,0.0000,0,0.0000,0,0.0000,0,0.0000,0,0.0000,0,0.0000
Oath,45,19,0,0.0000,0,0.0000,0,0.0000,0,0.0000,0,0.0000,0,0.0000,0,0.0000,0,0.0000,0,0.0000,0,0.0000,0,0.0000
Oath,45,20,2,0.2000,1,0.1000,0,0.0000,0,0.0000,0,0.0000,0,0.0000,0,0.0000,0,0.0000,0,0.0000,0,0.0000,0,0.0000
Oath,45,21,16,1.6000,3,0.3000,1,0.1000,0,0.0000,0,0.0000,0,0.0000,0,0.0000,0,0.0000,0,0.0000,0,0.0000,0,0.0000
Oath,45,22,113,11.3000,24,2.4000,6,0.6000,2,0.2000,0,0.0000,0,0.0000,0,0.0000,0,0.0000,0,0.0000,0,0.0000,0,0.0000
Oath,45,23,428,42.8000,172,17.2000,44,4.4000,7,0.7000,1,0.1000,1,0.1000,0,0.0000,0,0.0000,0,0.0000,0,0.0000,0,0.0000
Torva,46,19,0,0.0000,0,0.0000,0,0.0000,0,0.0000,0,0.0000,0,0.0000,0,0.0000,0,0.0000,0,0.0000,0,0.0000,0,0.0000
Torva,46,20,7,0.7000,0,0.0000,0,0.0000,0,0.0000,0,0.0000,0,0.0000,0,0.0000,0,0.0000,0,0.0000,0,0.0000,0,0.0000
Torva,46,21,36,3.6000,9,0.9000,0,0.0000,0,0.0000,0,0.0000,0,0.0000,0,0.0000,0,0.0000,0,0.0000,0,0.0000,0,0.0000
Torva,46,22,172,17.2000,56,5.6000,11,1.1000,2,0.2000,0,0.0000,0,0.0000,0,0.0000,0,0.0000,0,0.0000,0,0.0000,0,0.0000
Torva,46,23,453,45.3000,216,21.6000,81,8.1000,21,2.1000,7,0.7000,1,0.1000,0,0.0000,0,0.0000,0,0.0000,0,0.0000,0,0.0000
Oath,46,19,0,0.0000,0,0.0000,0,0.0000,0,0.0000,0,0.0000,0,0.0000,0,0.0000,0,0.0000,0,0.0000,0,0.0000,0,0.0000
Oath,46,20,4,0.4000,0,0.0000,0,0.0000,0,0.0000,0,0.0000,0,0.0000,0,0.0000,0,0.0000,0,0.0000,0,0.0000,0,0.0000
Oath,46,21,21,2.1000,5,0.5000,0,0.0000,0,0.0000,0,0.0000,0,0.0000,0,0.0000,0,0.0000,0,0.0000,0,0.0000,0,0.0000
Oath,46,22,129,12.9000,31,3.1000,9,0.9000,1,0.1000,0,0.0000,0,0.0000,0,0.0000,0,0.0000,0,0.0000,0,0.0000,0,0.0000
Oath,46,23,432,43.2000,181,18.1000,52,5.2000,11,1.1000,4,0.4000,0,0.0000,0,0.0000,0,0.0000,0,0.0000,0,0.0000,0,0.0000
Torva,47,19,0,0.0000,0,0.0000,0,0.0000,0,0.0000,0,0.0000,0,0.0000,0,0.0000,0,0.0000,0,0.0000,0,0.0000,0,0.0000
Torva,47,20,0,0.0000,0,0.0000,0,0.0000,0,0.0000,0,0.0000,0,0.0000,0,0.0000,0,0.0000,0,0.0000,0,0.0000,0,0.0000
Torva,47,21,24,2.4000,4,0.4000,0,0.0000,0,0.0000,0,0.0000,0,0.0000,0,0.0000,0,0.0000,0,0.0000,0,0.0000,0,0.0000
Torva,47,22,148,14.8000,41,4.1000,12,1.2000,1,0.1000,0,0.0000,0,0.0000,0,0.0000,0,0.0000,0,0.0000,0,0.0000,0,0.0000
Torva,47,23,449,44.9000,197,19.7000,65,6.5000,16,1.6000,4,0.4000,0,0.0000,0,0.0000,0,0.0000,0,0.0000,0,0.0000,0,0.0000
Oath,47,19,0,0.0000,0,0.0000,0,0.0000,0,0.0000,0,0.0000,0,0.0000,0,0.0000,0,0.0000,0,0.0000,0,0.0000,0,0.0000
Oath,47,20,0,0.0000,0,0.0000,0,0.0000,0,0.0000,0,0.0000,0,0.0000,0,0.0000,0,0.0000,0,0.0000,0,0.0000,0,0.0000
Oath,47,21,20,2.0000,1,0.1000,0,0.0000,0,0.0000,0,0.0000,0,0.0000,0,0.0000,0,0.0000,0,0.0000,0,0.0000,0,0.0000
Oath,47,22,120,12.0000,34,3.4000,4,0.4000,0,0.0000,0,0.0000,0,0.0000,0,0.0000,0,0.0000,0,0.0000,0,0.0000,0,0.0000
Oath,47,23,407,40.7000,188,18.8000,52,5.2000,10,1.0000,0,0.0000,0,0.0000,0,0.0000,0,0.0000,0,0.0000,0,0.0000,0,0.0000
Torva,48,19,0,0.0000,0,0.0000,0,0.0000,0,0.0000,0,0.0000,0,0.0000,0,0.0000,0,0.0000,0,0.0000,0,0.0000,0,0.0000
Torva,48,20,3,0.3000,0,0.0000,0,0.0000,0,0.0000,0,0.0000,0,0.0000,0,0.0000,0,0.0000,0,0.0000,0,0.0000,0,0.0000
Torva,48,21,21,2.1000,6,0.6000,0,0.0000,0,0.0000,0,0.0000,0,0.0000,0,0.0000,0,0.0000,0,0.0000,0,0.0000,0,0.0000
Torva,48,22,147,14.7000,41,4.1000,7,0.7000,2,0.2000,0,0.0000,0,0.0000,0,0.0000,0,0.0000,0,0.0000,0,0.0000,0,0.0000
Torva,48,23,447,44.7000,202,20.2000,76,7.6000,16,1.6000,4,0.4000,1,0.1000,0,0.0000,0,0.0000,0,0.0000,0,0.0000,0,0.0000
Oath,48,19,0,0.0000,0,0.0000,0,0.0000,0,0.0000,0,0.0000,0,0.0000,0,0.0000,0,0.0000,0,0.0000,0,0.0000,0,0.0000
Oath,48,20,0,0.0000,0,0.0000,0,0.0000,0,0.0000,0,0.0000,0,0.0000,0,0.0000,0,0.0000,0,0.0000,0,0.0000,0,0.0000
Oath,48,21,13,1.3000,2,0.2000,0,0.0000,0,0.0000,0,0.0000,0,0.0000,0,0.0000,0,0.0000,0,0.0000,0,0.0000,0,0.0000
Oath,48,22,119,11.9000,28,2.8000,3,0.3000,0,0.0000,0,0.0000,0,0.0000,0,0.0000,0,0.0000,0,0.0000,0,0.0000,0,0.0000
Oath,48,23,408,40.8000,166,16.6000,49,4.9000,6,0.6000,0,0.0000,0,0.0000,0,0.0000,0,0.0000,0,0.0000,0,0.0000,0,0.0000
Torva,49,19,0,0.0000,0,0.0000,0,0.0000,0,0.0000,0,0.0000,0,0.0000,0,0.0000,0,0.0000,0,0.0000,0,0.0000,0,0.0000
Torva,49,20,0,0.0000,0,0.0000,0,0.0000,0,0.0000,0,0.0000,0,0.0000,0,0.0000,0,0.0000,0,0.0000,0,0.0000,0,0.0000
Torva,49,21,26,2.6000,1,0.1000,0,0.0000,0,0.0000,0,0.0000,0,0.0000,0,0.0000,0,0.0000,0,0.0000,0,0.0000,0,0.0000
Torva,49,22,144,14.4000,39,3.9000,6,0.6000,0,0.0000,0,0.0000,0,0.0000,0,0.0000,0,0.0000,0,0.0000,0,0.0000,0,0.0000
Torva,49,23,450,45.0000,200,20.0000,63,6.3000,13,1.3000,0,0.0000,0,0.0000,0,0.0000,0,0.0000,0,0.0000,0,0.0000,0,0.0000
Oath,49,19,0,0.0000,0,0.0000,0,0.0000,0,0.0000,0,0.0000,0,0.0000,0,0.0000,0,0.0000,0,0.0000,0,0.0000,0,0.0000
Oath,49,20,0,0.0000,0,0.0000,0,0.0000,0,0.0000,0,0.0000,0,0.0000,0,0.0000,0,0.0000,0,0.0000,0,0.0000,0,0.0000
Oath,49,21,22,2.2000,2,0.2000,0,0.0000,0,0.0000,0,0.0000,0,0.0000,0,0.0000,0,0.0000,0,0.0000,0,0.0000,0,0.0000
Oath,49,22,111,11.1000,37,3.7000,5,0.5000,0,0.0000,0,0.0000,0,0.0000,0,0.0000,0,0.0000,0,0.0000,0,0.0000,0,0.0000
Oath,49,23,353,35.3000,153,15.3000,54,5.4000,11,1.1000,1,0.1000,0,0.0000,0,0.0000,0,0.0000,0,0.0000,0,0.0000,0,0.0000
Torva,50,19,0,0.0000,0,0.0000,0,0.0000,0,0.0000,0,0.0000,0,0.0000,0,0.0000,0,0.0000,0,0.0000,0,0.0000,0,0.0000
Torva,50,20,1,0.1000,0,0.0000,0,0.0000,0,0.0000,0,0.0000,0,0.0000,0,0.0000,0,0.0000,0,0.0000,0,0.0000,0,0.0000
Torva,50,21,18,1.8000,2,0.2000,0,0.0000,0,0.0000,0,0.0000,0,0.0000,0,0.0000,0,0.0000,0,0.0000,0,0.0000,0,0.0000
Torva,50,22,146,14.6000,39,3.9000,7,0.7000,0,0.0000,0,0.0000,0,0.0000,0,0.0000,0,0.0000,0,0.0000,0,0.0000,0,0.0000
Torva,50,23,452,45.2000,204,20.4000,65,6.5000,15,1.5000,1,0.1000,0,0.0000,0,0.0000,0,0.0000,0,0.0000,0,0.0000,0,0.0000
Oath,50,19,0,0.0000,0,0.0000,0,0.0000,0,0.0000,0,0.0000,0,0.0000,0,0.0000,0,0.0000,0,0.0000,0,0.0000,0,0.0000
Oath,50,20,1,0.1000,0,0.0000,0,0.0000,0,0.0000,0,0.0000,0,0.0000,0,0.0000,0,0.0000,0,0.0000,0,0.0000,0,0.0000
Oath,50,21,17,1.7000,1,0.1000,0,0.0000,0,0.0000,0,0.0000,0,0.0000,0,0.0000,0,0.0000,0,0.0000,0,0.0000,0,0.0000
Oath,50,22,113,11.3000,33,3.3000,3,0.3000,1,0.1000,0,0.0000,0,0.0000,0,0.0000,0,0.0000,0,0.0000,0,0.0000,0,0.0000
Oath,50,23,377,37.7000,162,16.2000,53,5.3000,6,0.6000,1,0.1000,0,0.0000,0,0.0000,0,0.0000,0,0.0000,0,0.0000,0,0.0000
Torva,51,19,0,0.0000,0,0.0000,0,0.0000,0,0.0000,0,0.0000,0,0.0000,0,0.0000,0,0.0000,0,0.0000,0,0.0000,0,0.0000
Torva,51,20,1,0.1000,0,0.0000,0,0.0000,0,0.0000,0,0.0000,0,0.0000,0,0.0000,0,0.0000,0,0.0000,0,0.0000,0,0.0000
Torva,51,21,17,1.7000,1,0.1000,0,0.0000,0,0.0000,0,0.0000,0,0.0000,0,0.0000,0,0.0000,0,0.0000,0,0.0000,0,0.0000
Torva,51,22,133,13.3000,34,3.4000,2,0.2000,0,0.0000,0,0.0000,0,0.0000,0,0.0000,0,0.0000,0,0.0000,0,0.0000,0,0.0000
Torva,51,23,422,42.2000,186,18.6000,50,5.0000,5,0.5000,1,0.1000,0,0.0000,0,0.0000,0,0.0000,0,0.0000,0,0.0000,0,0.0000
Oath,51,19,0,0.0000,0,0.0000,0,0.0000,0,0.0000,0,0.0000,0,0.0000,0,0.0000,0,0.0000,0,0.0000,0,0.0000,0,0.0000
Oath,51,20,0,0.0000,0,0.0000,0,0.0000,0,0.0000,0,0.0000,0,0.0000,0,0.0000,0,0.0000,0,0.0000,0,0.0000,0,0.0000
Oath,51,21,12,1.2000,2,0.2000,0,0.0000,0,0.0000,0,0.0000,0,0.0000,0,0.0000,0,0.0000,0,0.0000,0,0.0000,0,0.0000
Oath,51,22,118,11.8000,33,3.3000,2,0.2000,0,0.0000,0,0.0000,0,0.0000,0,0.0000,0,0.0000,0,0.0000,0,0.0000,0,0.0000
Oath,51,23,385,38.5000,173,17.3000,55,5.5000,10,1.0000,2,0.2000,0,0.0000,0,0.0000,0,0.0000,0,0.0000,0,0.0000,0,0.0000
Torva,52,19,0,0.0000,0,0.0000,0,0.0000,0,0.0000,0,0.0000,0,0.0000,0,0.0000,0,0.0000,0,0.0000,0,0.0000,0,0.0000
Torva,52,20,0,0.0000,0,0.0000,0,0.0000,0,0.0000,0,0.0000,0,0.0000,0,0.0000,0,0.0000,0,0.0000,0,0.0000,0,0.0000
Torva,52,21,18,1.8000,2,0.2000,1,0.1000,0,0.0000,0,0.0000,0,0.0000,0,0.0000,0,0.0000,0,0.0000,0,0.0000,0,0.0000
Torva,52,22,126,12.6000,30,3.0000,5,0.5000,1,0.1000,0,0.0000,0,0.0000,0,0.0000,0,0.0000,0,0.0000,0,0.0000,0,0.0000
Torva,52,23,393,39.3000,186,18.6000,52,5.2000,15,1.5000,3,0.3000,0,0.0000,0,0.0000,0,0.0000,0,0.0000,0,0.0000,0,0.0000
Oath,52,19,0,0.0000,0,0.0000,0,0.0000,0,0.0000,0,0.0000,0,0.0000,0,0.0000,0,0.0000,0,0.0000,0,0.0000,0,0.0000
Oath,52,20,0,0.0000,0,0.0000,0,0.0000,0,0.0000,0,0.0000,0,0.0000,0,0.0000,0,0.0000,0,0.0000,0,0.0000,0,0.0000
Oath,52,21,12,1.2000,0,0.0000,0,0.0000,0,0.0000,0,0.0000,0,0.0000,0,0.0000,0,0.0000,0,0.0000,0,0.0000,0,0.0000
Oath,52,22,95,9.5000,25,2.5000,3,0.3000,0,0.0000,0,0.0000,0,0.0000,0,0.0000,0,0.0000,0,0.0000,0,0.0000,0,0.0000
Oath,52,23,380,38.0000,148,14.8000,44,4.4000,4,0.4000,0,0.0000,0,0.0000,0,0.0000,0,0.0000,0,0.0000,0,0.0000,0,0.0000
Torva,53,19,0,0.0000,0,0.0000,0,0.0000,0,0.0000,0,0.0000,0,0.0000,0,0.0000,0,0.0000,0,0.0000,0,0.0000,0,0.0000
Torva,53,20,1,0.1000,0,0.0000,0,0.0000,0,0.0000,0,0.0000,0,0.0000,0,0.0000,0,0.0000,0,0.0000,0,0.0000,0,0.0000
Torva,53,21,18,1.8000,3,0.3000,1,0.1000,0,0.0000,0,0.0000,0,0.0000,0,0.0000,0,0.0000,0,0.0000,0,0.0000,0,0.0000
Torva,53,22,127,12.7000,33,3.3000,5,0.5000,1,0.1000,1,0.1000,0,0.0000,0,0.0000,0,0.0000,0,0.0000,0,0.0000,0,0.0000
Torva,53,23,401,40.1000,184,18.4000,62,6.2000,8,0.8000,2,0.2000,1,0.1000,0,0.0000,0,0.0000,0,0.0000,0,0.0000,0,0.0000
Oath,53,19,0,0.0000,0,0.0000,0,0.0000,0,0.0000,0,0.0000,0,0.0000,0,0.0000,0,0.0000,0,0.0000,0,0.0000,0,0.0000
Oath,53,20,0,0.0000,0,0.0000,0,0.0000,0,0.0000,0,0.0000,0,0.0000,0,0.0000,0,0.0000,0,0.0000,0,0.0000,0,0.0000
Oath,53,21,11,1.1000,1,0.1000,0,0.0000,0,0.0000,0,0.0000,0,0.0000,0,0.0000,0,0.0000,0,0.0000,0,0.0000,0,0.0000
Oath,53,22,94,9.4000,25,2.5000,1,0.1000,0,0.0000,0,0.0000,0,0.0000,0,0.0000,0,0.0000,0,0.0000,0,0.0000,0,0.0000
Oath,53,23,355,35.5000,143,14.3000,41,4.1000,6,0.6000,0,0.0000,0,0.0000,0,0.0000,0,0.0000,0,0.0000,0,0.0000,0,0.0000
Torva,54,19,0,0.0000,0,0.0000,0,0.0000,0,0.0000,0,0.0000,0,0.0000,0,0.0000,0,0.0000,0,0.0000,0,0.0000,0,0.0000
Torva,54,20,2,0.2000,0,0.0000,0,0.0000,0,0.0000,0,0.0000,0,0.0000,0,0.0000,0,0.0000,0,0.0000,0,0.0000,0,0.0000
Torva,54,21,24,2.4000,5,0.5000,0,0.0000,0,0.0000,0,0.0000,0,0.0000,0,0.0000,0,0.0000,0,0.0000,0,0.0000,0,0.0000
Torva,54,22,111,11.1000,44,4.4000,8,0.8000,0,0.0000,0,0.0000,0,0.0000,0,0.0000,0,0.0000,0,0.0000,0,0.0000,0,0.0000
Torva,54,23,391,39.1000,166,16.6000,56,5.6000,16,1.6000,0,0.0000,0,0.0000,0,0.0000,0,0.0000,0,0.0000,0,0.0000,0,0.0000
Oath,54,19,0,0.0000,0,0.0000,0,0.0000,0,0.0000,0,0.0000,0,0.0000,0,0.0000,0,0.0000,0,0.0000,0,0.0000,0,0.0000
Oath,54,20,0,0.0000,0,0.0000,0,0.0000,0,0.0000,0,0.0000,0,0.0000,0,0.0000,0,0.0000,0,0.0000,0,0.0000,0,0.0000
Oath,54,21,6,0.6000,1,0.1000,0,0.0000,0,0.0000,0,0.0000,0,0.0000,0,0.0000,0,0.0000,0,0.0000,0,0.0000,0,0.0000
Oath,54,22,95,9.5000,21,2.1000,1,0.1000,0,0.0000,0,0.0000,0,0.0000,0,0.0000,0,0.0000,0,0.0000,0,0.0000,0,0.0000
Oath,54,23,364,36.4000,140,14.0000,35,3.5000,6,0.6000,0,0.0000,0,0.0000,0,0.0000,0,0.0000,0,0.0000,0,0.0000,0,0.0000
Torva,55,19,0,0.0000,0,0.0000,0,0.0000,0,0.0000,0,0.0000,0,0.0000,0,0.0000,0,0.0000,0,0.0000,0,0.0000,0,0.0000
Torva,55,20,2,0.2000,0,0.0000,0,0.0000,0,0.0000,0,0.0000,0,0.0000,0,0.0000,0,0.0000,0,0.0000,0,0.0000,0,0.0000
Torva,55,21,22,2.2000,4,0.4000,1,0.1000,0,0.0000,0,0.0000,0,0.0000,0,0.0000,0,0.0000,0,0.0000,0,0.0000,0,0.0000
Torva,55,22,117,11.7000,31,3.1000,12,1.2000,2,0.2000,0,0.0000,0,0.0000,0,0.0000,0,0.0000,0,0.0000,0,0.0000,0,0.0000
Torva,55,23,402,40.2000,162,16.2000,53,5.3000,15,1.5000,2,0.2000,0,0.0000,0,0.0000,0,0.0000,0,0.0000,0,0.0000,0,0.0000
Oath,55,19,0,0.0000,0,0.0000,0,0.0000,0,0.0000,0,0.0000,0,0.0000,0,0.0000,0,0.0000,0,0.0000,0,0.0000,0,0.0000
Oath,55,20,0,0.0000,0,0.0000,0,0.0000,0,0.0000,0,0.0000,0,0.0000,0,0.0000,0,0.0000,0,0.0000,0,0.0000,0,0.0000
Oath,55,21,11,1.1000,1,0.1000,0,0.0000,0,0.0000,0,0.0000,0,0.0000,0,0.0000,0,0.0000,0,0.0000,0,0.0000,0,0.0000
Oath,55,22,100,10.0000,28,2.8000,3,0.3000,0,0.0000,0,0.0000,0,0.0000,0,0.0000,0,0.0000,0,0.0000,0,0.0000,0,0.0000
Oath,55,23,357,35.7000,155,15.5000,44,4.4000,8,0.8000,1,0.1000,0,0.0000,0,0.0000,0,0.0000,0,0.0000,0,0.0000,0,0.0000
Torva,56,19,0,0.0000,0,0.0000,0,0.0000,0,0.0000,0,0.0000,0,0.0000,0,0.0000,0,0.0000,0,0.0000,0,0.0000,0,0.0000
Torva,56,20,0,0.0000,0,0.0000,0,0.0000,0,0.0000,0,0.0000,0,0.0000,0,0.0000,0,0.0000,0,0.0000,0,0.0000,0,0.0000
Torva,56,21,14,1.4000,1,0.1000,0,0.0000,0,0.0000,0,0.0000,0,0.0000,0,0.0000,0,0.0000,0,0.0000,0,0.0000,0,0.0000
Torva,56,22,106,10.6000,33,3.3000,4,0.4000,0,0.0000,0,0.0000,0,0.0000,0,0.0000,0,0.0000,0,0.0000,0,0.0000,0,0.0000
Torva,56,23,359,35.9000,156,15.6000,46,4.6000,10,1.0000,1,0.1000,0,0.0000,0,0.0000,0,0.0000,0,0.0000,0,0.0000,0,0.0000
Oath,56,19,0,0.0000,0,0.0000,0,0.0000,0,0.0000,0,0.0000,0,0.0000,0,0.0000,0,0.0000,0,0.0000,0,0.0000,0,0.0000
Oath,56,20,0,0.0000,0,0.0000,0,0.0000,0,0.0000,0,0.0000,0,0.0000,0,0.0000,0,0.0000,0,0.0000,0,0.0000,0,0.0000
Oath,56,21,10,1.0000,1,0.1000,0,0.0000,0,0.0000,0,0.0000,0,0.0000,0,0.0000,0,0.0000,0,0.0000,0,0.0000,0,0.0000
Oath,56,22,80,8.0000,18,1.8000,2,0.2000,0,0.0000,0,0.0000,0,0.0000,0,0.0000,0,0.0000,0,0.0000,0,0.0000,0,0.0000
Oath,56,23,348,34.8000,118,11.8000,33,3.3000,5,0.5000,1,0.1000,0,0.0000,0,0.0000,0,0.0000,0,0.0000,0,0.0000,0,0.0000
Torva,57,19,0,0.0000,0,0.0000,0,0.0000,0,0.0000,0,0.0000,0,0.0000,0,0.0000,0,0.0000,0,0.0000,0,0.0000,0,0.0000
Torva,57,20,0,0.0000,0,0.0000,0,0.0000,0,0.0000,0,0.0000,0,0.0000,0,0.0000,0,0.0000,0,0.0000,0,0.0000,0,0.0000
Torva,57,21,10,1.0000,2,0.2000,0,0.0000,0,0.0000,0,0.0000,0,0.0000,0,0.0000,0,0.0000,0,0.0000,0,0.0000,0,0.0000
Torva,57,22,101,10.1000,23,2.3000,6,0.6000,0,0.0000,0,0.0000,0,0.0000,0,0.0000,0,0.0000,0,0.0000,0,0.0000,0,0.0000
Torva,57,23,376,37.6000,157,15.7000,37,3.7000,6,0.6000,1,0.1000,0,0.0000,0,0.0000,0,0.0000,0,0.0000,0,0.0000,0,0.0000
Oath,57,19,0,0.0000,0,0.0000,0,0.0000,0,0.0000,0,0.0000,0,0.0000,0,0.0000,0,0.0000,0,0.0000,0,0.0000,0,0.0000
Oath,57,20,2,0.2000,0,0.0000,0,0.0000,0,0.0000,0,0.0000,0,0.0000,0,0.0000,0,0.0000,0,0.0000,0,0.0000,0,0.0000
Oath,57,21,12,1.2000,4,0.4000,1,0.1000,0,0.0000,0,0.0000,0,0.0000,0,0.0000,0,0.0000,0,0.0000,0,0.0000,0,0.0000
Oath,57,22,81,8.1000,19,1.9000,4,0.4000,1,0.1000,0,0.0000,0,0.0000,0,0.0000,0,0.0000,0,0.0000,0,0.0000,0,0.0000
Oath,57,23,329,32.9000,121,12.1000,31,3.1000,6,0.6000,1,0.1000,0,0.0000,0,0.0000,0,0.0000,0,0.0000,0,0.0000,0,0.0000
Torva,58,19,0,0.0000,0,0.0000,0,0.0000,0,0.0000,0,0.0000,0,0.0000,0,0.0000,0,0.0000,0,0.0000,0,0.0000,0,0.0000
Torva,58,20,0,0.0000,0,0.0000,0,0.0000,0,0.0000,0,0.0000,0,0.0000,0,0.0000,0,0.0000,0,0.0000,0,0.0000,0,0.0000
Torva,58,21,15,1.5000,1,0.1000,0,0.0000,0,0.0000,0,0.0000,0,0.0000,0,0.0000,0,0.0000,0,0.0000,0,0.0000,0,0.0000
Torva,58,22,118,11.8000,28,2.8000,4,0.4000,0,0.0000,0,0.0000,0,0.0000,0,0.0000,0,0.0000,0,0.0000,0,0.0000,0,0.0000
Torva,58,23,364,36.4000,161,16.1000,53,5.3000,9,0.9000,1,0.1000,0,0.0000,0,0.0000,0,0.0000,0,0.0000,0,0.0000,0,0.0000
Oath,58,19,0,0.0000,0,0.0000,0,0.0000,0,0.0000,0,0.0000,0,0.0000,0,0.0000,0,0.0000,0,0.0000,0,0.0000,0,0.0000
Oath,58,20,2,0.2000,0,0.0000,0,0.0000,0,0.0000,0,0.0000,0,0.0000,0,0.0000,0,0.0000,0,0.0000,0,0.0000,0,0.0000
Oath,58,21,14,1.4000,3,0.3000,0,0.0000,0,0.0000,0,0.0000,0,0.0000,0,0.0000,0,0.0000,0,0.0000,0,0.0000,0,0.0000
Oath,58,22,91,9.1000,29,2.9000,4,0.4000,0,0.0000,0,0.0000,0,0.0000,0,0.0000,0,0.0000,0,0.0000,0,0.0000,0,0.0000
Oath,58,23,327,32.7000,131,13.1000,43,4.3000,12,1.2000,2,0.2000,0,0.0000,0,0.0000,0,0.0000,0,0.0000,0,0.0000,0,0.0000
Torva,59,19,0,0.0000,0,0.0000,0,0.0000,0,0.0000,0,0.0000,0,0.0000,0,0.0000,0,0.0000,0,0.0000,0,0.0000,0,0.0000
Torva,59,20,1,0.1000,0,0.0000,0,0.0000,0,0.0000,0,0.0000,0,0.0000,0,0.0000,0,0.0000,0,0.0000,0,0.0000,0,0.0000
Torva,59,21,9,0.9000,0,0.0000,0,0.0000,0,0.0000,0,0.0000,0,0.0000,0,0.0000,0,0.0000,0,0.0000,0,0.0000,0,0.0000
Torva,59,22,93,9.3000,15,1.5000,2,0.2000,0,0.0000,0,0.0000,0,0.0000,0,0.0000,0,0.0000,0,0.0000,0,0.0000,0,0.0000
Torva,59,23,362,36.2000,141,14.1000,33,3.3000,6,0.6000,0,0.0000,0,0.0000,0,0.0000,0,0.0000,0,0.0000,0,0.0000,0,0.0000
Oath,59,19,0,0.0000,0,0.0000,0,0.0000,0,0.0000,0,0.0000,0,0.0000,0,0.0000,0,0.0000,0,0.0000,0,0.0000,0,0.0000
Oath,59,20,2,0.2000,0,0.0000,0,0.0000,0,0.0000,0,0.0000,0,0.0000,0,0.0000,0,0.0000,0,0.0000,0,0.0000,0,0.0000
Oath,59,21,11,1.1000,3,0.3000,0,0.0000,0,0.0000,0,0.0000,0,0.0000,0,0.0000,0,0.0000,0,0.0000,0,0.0000,0,0.0000
Oath,59,22,80,8.0000,22,2.2000,5,0.5000,1,0.1000,0,0.0000,0,0.0000,0,0.0000,0,0.0000,0,0.0000,0,0.0000,0,0.0000
Oath,59,23,336,33.6000,121,12.1000,36,3.6000,10,1.0000,2,0.2000,0,0.0000,0,0.0000,0,0.0000,0,0.0000,0,0.0000,0,0.0000
Torva,60,19,0,0.0000,0,0.0000,0,0.0000,0,0.0000,0,0.0000,0,0.0000,0,0.0000,0,0.0000,0,0.0000,0,0.0000,0,0.0000
Torva,60,20,0,0.0000,0,0.0000,0,0.0000,0,0.0000,0,0.0000,0,0.0000,0,0.0000,0,0.0000,0,0.0000,0,0.0000,0,0.0000
Torva,60,21,8,0.8000,1,0.1000,0,0.0000,0,0.0000,0,0.0000,0,0.0000,0,0.0000,0,0.0000,0,0.0000,0,0.0000,0,0.0000
Torva,60,22,99,9.9000,20,2.0000,1,0.1000,0,0.0000,0,0.0000,0,0.0000,0,0.0000,0,0.0000,0,0.0000,0,0.0000,0,0.0000
Torva,60,23,357,35.7000,153,15.3000,37,3.7000,4,0.4000,1,0.1000,0,0.0000,0,0.0000,0,0.0000,0,0.0000,0,0.0000,0,0.0000
Oath,60,19,0,0.0000,0,0.0000,0,0.0000,0,0.0000,0,0.0000,0,0.0000,0,0.0000,0,0.0000,0,0.0000,0,0.0000,0,0.0000
Oath,60,20,0,0.0000,0,0.0000,0,0.0000,0,0.0000,0,0.0000,0,0.0000,0,0.0000,0,0.0000,0,0.0000,0,0.0000,0,0.0000
Oath,60,21,10,1.0000,0,0.0000,0,0.0000,0,0.0000,0,0.0000,0,0.0000,0,0.0000,0,0.0000,0,0.0000,0,0.0000,0,0.0000
Oath,60,22,82,8.2000,20,2.0000,2,0.2000,0,0.0000,0,0.0000,0,0.0000,0,0.0000,0,0.0000,0,0.0000,0,0.0000,0,0.0000
Oath,60,23,309,30.9000,123,12.3000,35,3.5000,5,0.5000,0,0.0000,0,0.0000,0,0.0000,0,0.0000,0,0.0000,0,0.0000,0,0.0000
Torva,61,19,0,0.0000,0,0.0000,0,0.0000,0,0.0000,0,0.0000,0,0.0000,0,0.0000,0,0.0000,0,0.0000,0,0.0000,0,0.0000
Torva,61,20,1,0.1000,0,0.0000,0,0.0000,0,0.0000,0,0.0000,0,0.0000,0,0.0000,0,0.0000,0,0.0000,0,0.0000,0,0.0000
Torva,61,21,10,1.0000,3,0.3000,0,0.0000,0,0.0000,0,0.0000,0,0.0000,0,0.0000,0,0.0000,0,0.0000,0,0.0000,0,0.0000
Torva,61,22,110,11.0000,22,2.2000,5,0.5000,1,0.1000,0,0.0000,0,0.0000,0,0.0000,0,0.0000,0,0.0000,0,0.0000,0,0.0000
Torva,61,23,357,35.7000,153,15.3000,48,4.8000,9,0.9000,3,0.3000,0,0.0000,0,0.0000,0,0.0000,0,0.0000,0,0.0000,0,0.0000
Oath,61,19,0,0.0000,0,0.0000,0,0.0000,0,0.0000,0,0.0000,0,0.0000,0,0.0000,0,0.0000,0,0.0000,0,0.0000,0,0.0000
Oath,61,20,0,0.0000,0,0.0000,0,0.0000,0,0.0000,0,0.0000,0,0.0000,0,0.0000,0,0.0000,0,0.0000,0,0.0000,0,0.0000
Oath,61,21,7,0.7000,1,0.1000,0,0.0000,0,0.0000,0,0.0000,0,0.0000,0,0.0000,0,0.0000,0,0.0000,0,0.0000,0,0.0000
Oath,61,22,91,9.1000,19,1.9000,2,0.2000,0,0.0000,0,0.0000,0,0.0000,0,0.0000,0,0.0000,0,0.0000,0,0.0000,0,0.0000
Oath,61,23,311,31.1000,138,13.8000,27,2.7000,5,0.5000,2,0.2000,0,0.0000,0,0.0000,0,0.0000,0,0.0000,0,0.0000,0,0.0000
Torva,62,19,0,0.0000,0,0.0000,0,0.0000,0,0.0000,0,0.0000,0,0.0000,0,0.0000,0,0.0000,0,0.0000,0,0.0000,0,0.0000
Torva,62,20,1,0.1000,0,0.0000,0,0.0000,0,0.0000,0,0.0000,0,0.0000,0,0.0000,0,0.0000,0,0.0000,0,0.0000,0,0.0000
Torva,62,21,14,1.4000,1,0.1000,0,0.0000,0,0.0000,0,0.0000,0,0.0000,0,0.0000,0,0.0000,0,0.0000,0,0.0000,0,0.0000
Torva,62,22,103,10.3000,29,2.9000,4,0.4000,1,0.1000,0,0.0000,0,0.0000,0,0.0000,0,0.0000,0,0.0000,0,0.0000,0,0.0000
Torva,62,23,332,33.2000,138,13.8000,48,4.8000,7,0.7000,1,0.1000,0,0.0000,0,0.0000,0,0.0000,0,0.0000,0,0.0000,0,0.0000
Oath,62,19,0,0.0000,0,0.0000,0,0.0000,0,0.0000,0,0.0000,0,0.0000,0,0.0000,0,0.0000,0,0.0000,0,0.0000,0,0.0000
Oath,62,20,0,0.0000,0,0.0000,0,0.0000,0,0.0000,0,0.0000,0,0.0000,0,0.0000,0,0.0000,0,0.0000,0,0.0000,0,0.0000
Oath,62,21,16,1.6000,3,0.3000,0,0.0000,0,0.0000,0,0.0000,0,0.0000,0,0.0000,0,0.0000,0,0.0000,0,0.0000,0,0.0000
Oath,62,22,87,8.7000,25,2.5000,4,0.4000,1,0.1000,0,0.0000,0,0.0000,0,0.0000,0,0.0000,0,0.0000,0,0.0000,0,0.0000
Oath,62,23,318,31.8000,119,11.9000,35,3.5000,10,1.0000,3,0.3000,0,0.0000,0,0.0000,0,0.0000,0,0.0000,0,0.0000,0,0.0000
Torva,63,19,0,0.0000,0,0.0000,0,0.0000,0,0.0000,0,0.0000,0,0.0000,0,0.0000,0,0.0000,0,0.0000,0,0.0000,0,0.0000
Torva,63,20,1,0.1000,0,0.0000,0,0.0000,0,0.0000,0,0.0000,0,0.0000,0,0.0000,0,0.0000,0,0.0000,0,0.0000,0,0.0000
Torva,63,21,8,0.8000,2,0.2000,1,0.1000,0,0.0000,0,0.0000,0,0.0000,0,0.0000,0,0.0000,0,0.0000,0,0.0000,0,0.0000
Torva,63,22,102,10.2000,21,2.1000,4,0.4000,1,0.1000,0,0.0000,0,0.0000,0,0.0000,0,0.0000,0,0.0000,0,0.0000,0,0.0000
Torva,63,23,330,33.0000,133,13.3000,33,3.3000,6,0.6000,1,0.1000,0,0.0000,0,0.0000,0,0.0000,0,0.0000,0,0.0000,0,0.0000
Oath,63,19,0,0.0000,0,0.0000,0,0.0000,0,0.0000,0,0.0000,0,0.0000,0,0.0000,0,0.0000,0,0.0000,0,0.0000,0,0.0000
Oath,63,20,1,0.1000,0,0.0000,0,0.0000,0,0.0000,0,0.0000,0,0.0000,0,0.0000,0,0.0000,0,0.0000,0,0.0000,0,0.0000
Oath,63,21,10,1.0000,2,0.2000,0,0.0000,0,0.0000,0,0.0000,0,0.0000,0,0.0000,0,0.0000,0,0.0000,0,0.0000,0,0.0000
Oath,63,22,78,7.8000,23,2.3000,3,0.3000,0,0.0000,0,0.0000,0,0.0000,0,0.0000,0,0.0000,0,0.0000,0,0.0000,0,0.0000
Oath,63,23,303,30.3000,107,10.7000,31,3.1000,4,0.4000,1,0.1000,0,0.0000,0,0.0000,0,0.0000,0,0.0000,0,0.0000,0,0.0000
Torva,64,19,0,0.0000,0,0.0000,0,0.0000,0,0.0000,0,0.0000,0,0.0000,0,0.0000,0,0.0000,0,0.0000,0,0.0000,0,0.0000
Torva,64,20,0,0.0000,0,0.0000,0,0.0000,0,0.0000,0,0.0000,0,0.0000,0,0.0000,0,0.0000,0,0.0000,0,0.0000,0,0.0000
Torva,64,21,11,1.1000,0,0.0000,0,0.0000,0,0.0000,0,0.0000,0,0.0000,0,0.0000,0,0.0000,0,0.0000,0,0.0000,0,0.0000
Torva,64,22,67,6.7000,21,2.1000,2,0.2000,0,0.0000,0,0.0000,0,0.0000,0,0.0000,0,0.0000,0,0.0000,0,0.0000,0,0.0000
Torva,64,23,316,31.6000,106,10.6000,32,3.2000,5,0.5000,0,0.0000,0,0.0000,0,0.0000,0,0.0000,0,0.0000,0,0.0000,0,0.0000
Oath,64,19,0,0.0000,0,0.0000,0,0.0000,0,0.0000,0,0.0000,0,0.0000,0,0.0000,0,0.0000,0,0.0000,0,0.0000,0,0.0000
Oath,64,20,0,0.0000,0,0.0000,0,0.0000,0,0.0000,0,0.0000,0,0.0000,0,0.0000,0,0.0000,0,0.0000,0,0.0000,0,0.0000
Oath,64,21,7,0.7000,1,0.1000,0,0.0000,0,0.0000,0,0.0000,0,0.0000,0,0.0000,0,0.0000,0,0.0000,0,0.0000,0,0.0000
Oath,64,22,71,7.1000,14,1.4000,1,0.1000,0,0.0000,0,0.0000,0,0.0000,0,0.0000,0,0.0000,0,0.0000,0,0.0000,0,0.0000
Oath,64,23,288,28.8000,96,9.6000,26,2.6000,2,0.2000,0,0.0000,0,0.0000,0,0.0000,0,0.0000,0,0.0000,0,0.0000,0,0.0000
Torva,65,19,0,0.0000,0,0.0000,0,0.0000,0,0.0000,0,0.0000,0,0.0000,0,0.0000,0,0.0000,0,0.0000,0,0.0000,0,0.0000
Torva,65,20,1,0.1000,0,0.0000,0,0.0000,0,0.0000,0,0.0000,0,0.0000,0,0.0000,0,0.0000,0,0.0000,0,0.0000,0,0.0000
Torva,65,21,8,0.8000,1,0.1000,0,0.0000,0,0.0000,0,0.0000,0,0.0000,0,0.0000,0,0.0000,0,0.0000,0,0.0000,0,0.0000
Torva,65,22,93,9.3000,21,2.1000,3,0.3000,0,0.0000,0,0.0000,0,0.0000,0,0.0000,0,0.0000,0,0.0000,0,0.0000,0,0.0000
Torva,65,23,313,31.3000,131,13.1000,36,3.6000,6,0.6000,1,0.1000,0,0.0000,0,0.0000,0,0.0000,0,0.0000,0,0.0000,0,0.0000
Oath,65,19,0,0.0000,0,0.0000,0,0.0000,0,0.0000,0,0.0000,0,0.0000,0,0.0000,0,0.0000,0,0.0000,0,0.0000,0,0.0000
Oath,65,20,0,0.0000,0,0.0000,0,0.0000,0,0.0000,0,0.0000,0,0.0000,0,0.0000,0,0.0000,0,0.0000,0,0.0000,0,0.0000
Oath,65,21,6,0.6000,0,0.0000,0,0.0000,0,0.0000,0,0.0000,0,0.0000,0,0.0000,0,0.0000,0,0.0000,0,0.0000,0,0.0000
Oath,65,22,78,7.8000,14,1.4000,0,0.0000,0,0.0000,0,0.0000,0,0.0000,0,0.0000,0,0.0000,0,0.0000,0,0.0000,0,0.0000
Oath,65,23,302,30.2000,112,11.2000,32,3.2000,4,0.4000,0,0.0000,0,0.0000,0,0.0000,0,0.0000,0,0.0000,0,0.0000,0,0.0000
Torva,66,19,0,0.0000,0,0.0000,0,0.0000,0,0.0000,0,0.0000,0,0.0000,0,0.0000,0,0.0000,0,0.0000,0,0.0000,0,0.0000
Torva,66,20,1,0.1000,0,0.0000,0,0.0000,0,0.0000,0,0.0000,0,0.0000,0,0.0000,0,0.0000,0,0.0000,0,0.0000,0,0.0000
Torva,66,21,10,1.0000,3,0.3000,0,0.0000,0,0.0000,0,0.0000,0,0.0000,0,0.0000,0,0.0000,0,0.0000,0,0.0000,0,0.0000
Torva,66,22,76,7.6000,22,2.2000,5,0.5000,2,0.2000,0,0.0000,0,0.0000,0,0.0000,0,0.0000,0,0.0000,0,0.0000,0,0.0000
Torva,66,23,303,30.3000,114,11.4000,35,3.5000,9,0.9000,3,0.3000,0,0.0000,0,0.0000,0,0.0000,0,0.0000,0,0.0000,0,0.0000
Oath,66,19,0,0.0000,0,0.0000,0,0.0000,0,0.0000,0,0.0000,0,0.0000,0,0.0000,0,0.0000,0,0.0000,0,0.0000,0,0.0000
Oath,66,20,1,0.1000,0,0.0000,0,0.0000,0,0.0000,0,0.0000,0,0.0000,0,0.0000,0,0.0000,0,0.0000,0,0.0000,0,0.0000
Oath,66,21,5,0.5000,2,0.2000,0,0.0000,0,0.0000,0,0.0000,0,0.0000,0,0.0000,0,0.0000,0,0.0000,0,0.0000,0,0.0000
Oath,66,22,81,8.1000,14,1.4000,2,0.2000,0,0.0000,0,0.0000,0,0.0000,0,0.0000,0,0.0000,0,0.0000,0,0.0000,0,0.0000
Oath,66,23,281,28.1000,118,11.8000,32,3.2000,5,0.5000,0,0.0000,0,0.0000,0,0.0000,0,0.0000,0,0.0000,0,0.0000,0,0.0000
Torva,67,19,0,0.0000,0,0.0000,0,0.0000,0,0.0000,0,0.0000,0,0.0000,0,0.0000,0,0.0000,0,0.0000,0,0.0000,0,0.0000
Torva,67,20,1,0.1000,0,0.0000,0,0.0000,0,0.0000,0,0.0000,0,0.0000,0,0.0000,0,0.0000,0,0.0000,0,0.0000,0,0.0000
Torva,67,21,6,0.6000,1,0.1000,0,0.0000,0,0.0000,0,0.0000,0,0.0000,0,0.0000,0,0.0000,0,0.0000,0,0.0000,0,0.0000
Torva,67,22,73,7.3000,16,1.6000,3,0.3000,0,0.0000,0,0.0000,0,0.0000,0,0.0000,0,0.0000,0,0.0000,0,0.0000,0,0.0000
Torva,67,23,316,31.6000,106,10.6000,28,2.8000,8,0.8000,1,0.1000,0,0.0000,0,0.0000,0,0.0000,0,0.0000,0,0.0000,0,0.0000
Oath,67,19,0,0.0000,0,0.0000,0,0.0000,0,0.0000,0,0.0000,0,0.0000,0,0.0000,0,0.0000,0,0.0000,0,0.0000,0,0.0000
Oath,67,20,0,0.0000,0,0.0000,0,0.0000,0,0.0000,0,0.0000,0,0.0000,0,0.0000,0,0.0000,0,0.0000,0,0.0000,0,0.0000
Oath,67,21,4,0.4000,0,0.0000,0,0.0000,0,0.0000,0,0.0000,0,0.0000,0,0.0000,0,0.0000,0,0.0000,0,0.0000,0,0.0000
Oath,67,22,54,5.4000,9,0.9000,0,0.0000,0,0.0000,0,0.0000,0,0.0000,0,0.0000,0,0.0000,0,0.0000,0,0.0000,0,0.0000
Oath,67,23,305,30.5000,93,9.3000,18,1.8000,2,0.2000,0,0.0000,0,0.0000,0,0.0000,0,0.0000,0,0.0000,0,0.0000,0,0.0000
Torva,68,19,0,0.0000,0,0.0000,0,0.0000,0,0.0000,0,0.0000,0,0.0000,0,0.0000,0,0.0000,0,0.0000,0,0.0000,0,0.0000
Torva,68,20,0,0.0000,0,0.0000,0,0.0000,0,0.0000,0,0.0000,0,0.0000,0,0.0000,0,0.0000,0,0.0000,0,0.0000,0,0.0000
Torva,68,21,12,1.2000,2,0.2000,0,0.0000,0,0.0000,0,0.0000,0,0.0000,0,0.0000,0,0.0000,0,0.0000,0,0.0000,0,0.0000
Torva,68,22,70,7.0000,19,1.9000,7,0.7000,0,0.0000,0,0.0000,0,0.0000,0,0.0000,0,0.0000,0,0.0000,0,0.0000,0,0.0000
Torva,68,23,288,28.8000,106,10.6000,28,2.8000,11,1.1000,0,0.0000,0,0.0000,0,0.0000,0,0.0000,0,0.0000,0,0.0000,0,0.0000
Oath,68,19,0,0.0000,0,0.0000,0,0.0000,0,0.0000,0,0.0000,0,0.0000,0,0.0000,0,0.0000,0,0.0000,0,0.0000,0,0.0000
Oath,68,20,0,0.0000,0,0.0000,0,0.0000,0,0.0000,0,0.0000,0,0.0000,0,0.0000,0,0.0000,0,0.0000,0,0.0000,0,0.0000
Oath,68,21,8,0.8000,1,0.1000,0,0.0000,0,0.0000,0,0.0000,0,0.0000,0,0.0000,0,0.0000,0,0.0000,0,0.0000,0,0.0000
Oath,68,22,76,7.6000,17,1.7000,2,0.2000,0,0.0000,0,0.0000,0,0.0000,0,0.0000,0,0.0000,0,0.0000,0,0.0000,0,0.0000
Oath,68,23,281,28.1000,101,10.1000,22,2.2000,5,0.5000,1,0.1000,0,0.0000,0,0.0000,0,0.0000,0,0.0000,0,0.0000,0,0.0000
Torva,69,19,0,0.0000,0,0.0000,0,0.0000,0,0.0000,0,0.0000,0,0.0000,0,0.0000,0,0.0000,0,0.0000,0,0.0000,0,0.0000
Torva,69,20,0,0.0000,0,0.0000,0,0.0000,0,0.0000,0,0.0000,0,0.0000,0,0.0000,0,0.0000,0,0.0000,0,0.0000,0,0.0000
Torva,69,21,8,0.8000,1,0.1000,0,0.0000,0,0.0000,0,0.0000,0,0.0000,0,0.0000,0,0.0000,0,0.0000,0,0.0000,0,0.0000
Torva,69,22,77,7.7000,19,1.9000,4,0.4000,0,0.0000,0,0.0000,0,0.0000,0,0.0000,0,0.0000,0,0.0000,0,0.0000,0,0.0000
Torva,69,23,301,30.1000,115,11.5000,26,2.6000,8,0.8000,0,0.0000,0,0.0000,0,0.0000,0,0.0000,0,0.0000,0,0.0000,0,0.0000
Oath,69,19,0,0.0000,0,0.0000,0,0.0000,0,0.0000,0,0.0000,0,0.0000,0,0.0000,0,0.0000,0,0.0000,0,0.0000,0,0.0000
Oath,69,20,0,0.0000,0,0.0000,0,0.0000,0,0.0000,0,0.0000,0,0.0000,0,0.0000,0,0.0000,0,0.0000,0,0.0000,0,0.0000
Oath,69,21,4,0.4000,0,0.0000,0,0.0000,0,0.0000,0,0.0000,0,0.0000,0,0.0000,0,0.0000,0,0.0000,0,0.0000,0,0.0000
Oath,69,22,53,5.3000,8,0.8000,0,0.0000,0,0.0000,0,0.0000,0,0.0000,0,0.0000,0,0.0000,0,0.0000,0,0.0000,0,0.0000
Oath,69,23,238,23.8000,85,8.5000,14,1.4000,0,0.0000,0,0.0000,0,0.0000,0,0.0000,0,0.0000,0,0.0000,0,0.0000,0,0.0000
